JST時刻,raw_pulse_rpm,display_rpm,速度_kmh,緯度,経度,UTC時刻
2026-05-29 13:42:12.602,0,0,0.0,0.000000,0.000000,00:00:00
2026-05-29 13:42:12.682,0,0,0.0,0.000000,0.000000,00:00:00
2026-05-29 13:42:12.783,0,0,0.0,0.000000,0.000000,00:00:00
2026-05-29 13:42:12.887,0,0,0.0,0.000000,0.000000,00:00:00
2026-05-29 13:42:12.992,0,0,0.0,0.000000,0.000000,00:00:00
2026-05-29 13:42:13.077,0,0,0.0,0.000000,0.000000,00:00:00
2026-05-29 13:42:13.178,0,0,0.0,0.000000,0.000000,00:00:00
2026-05-29 13:42:13.287,0,0,0.0,0.000000,0.000000,00:00:00
2026-05-29 13:42:13.392,0,0,0.0,0.000000,0.000000,00:00:00
2026-05-29 13:42:13.474,0,0,0.0,0.000000,0.000000,00:00:00
2026-05-29 13:42:13.578,0,0,0.0,0.000000,0.000000,00:00:00
2026-05-29 13:42:13.686,0,0,0.0,0.000000,0.000000,00:00:00
2026-05-29 13:42:13.787,0,0,0.0,0.000000,0.000000,00:00:00
2026-05-29 13:42:13.881,0,0,0.0,0.000000,0.000000,00:00:00
2026-05-29 13:42:13.983,0,0,0.0,0.000000,0.000000,00:00:00
2026-05-29 13:42:14.093,0,0,0.0,0.000000,0.000000,00:00:00
2026-05-29 13:42:14.181,0,0,0.0,0.000000,0.000000,00:00:00
2026-05-29 13:42:14.285,0,0,0.0,0.000000,0.000000,00:00:00
2026-05-29 13:42:14.386,0,0,0.0,0.000000,0.000000,00:00:00
2026-05-29 13:42:14.492,0,0,0.0,0.000000,0.000000,00:00:00
2026-05-29 13:42:14.573,0,0,0.0,0.000000,0.000000,00:00:00
2026-05-29 13:42:14.678,0,0,0.0,0.000000,0.000000,00:00:00
2026-05-29 13:42:14.78,0,0,0.0,0.000000,0.000000,00:00:00
2026-05-29 13:42:14.887,0,0,0.0,0.000000,0.000000,00:00:00
2026-05-29 13:42:15.038,0,0,0.0,0.000000,0.000000,00:00:00
2026-05-29 13:42:15.084,0,0,0.0,0.000000,0.000000,00:00:00
2026-05-29 13:42:15.185,0,0,0.0,0.000000,0.000000,00:00:00
2026-05-29 13:42:15.288,0,0,0.0,0.000000,0.000000,00:00:00
2026-05-29 13:42:15.376,0,0,0.0,0.000000,0.000000,00:00:00
2026-05-29 13:42:15.484,0,0,0.0,0.000000,0.000000,00:00:00
2026-05-29 13:42:15.585,0,0,0.0,0.000000,0.000000,00:00:00
2026-05-29 13:42:15.672,0,0,0.0,0.000000,0.000000,00:00:00
2026-05-29 13:42:15.773,0,0,0.0,0.000000,0.000000,00:00:00
2026-05-29 13:42:15.885,0,0,0.0,0.000000,0.000000,00:00:00
2026-05-29 13:42:15.988,0,0,0.0,0.000000,0.000000,00:00:00
2026-05-29 13:42:16.085,0,0,0.0,0.000000,0.000000,00:00:00
2026-05-29 13:42:16.193,0,0,0.0,0.000000,0.000000,00:00:00
2026-05-29 13:42:16.279,0,0,0.0,0.000000,0.000000,00:00:00
2026-05-29 13:42:16.38,0,0,0.0,0.000000,0.000000,00:00:00
2026-05-29 13:42:16.475,0,0,0.0,0.000000,0.000000,00:00:00
2026-05-29 13:42:16.577,0,0,0.0,0.000000,0.000000,00:00:00
2026-05-29 13:42:16.688,0,0,0.0,0.000000,0.000000,00:00:00
2026-05-29 13:42:16.784,0,0,0.0,0.000000,0.000000,00:00:00
2026-05-29 13:42:16.886,0,0,0.0,0.000000,0.000000,00:00:00
2026-05-29 13:42:16.987,0,0,0.0,0.000000,0.000000,00:00:00
2026-05-29 13:42:17.072,0,0,0.0,0.000000,0.000000,00:00:00
2026-05-29 13:42:17.173,0,0,0.0,0.000000,0.000000,00:00:00
2026-05-29 13:42:17.274,0,0,0.0,0.000000,0.000000,00:00:00
2026-05-29 13:42:17.375,0,0,0.0,0.000000,0.000000,00:00:00
2026-05-29 13:42:17.494,0,0,0.0,0.000000,0.000000,00:00:00
2026-05-29 13:42:17.572,0,0,0.0,0.000000,0.000000,00:00:00
2026-05-29 13:42:17.673,0,0,0.0,0.000000,0.000000,00:00:00
2026-05-29 13:42:17.774,0,0,0.0,0.000000,0.000000,00:00:00
2026-05-29 13:42:17.882,0,0,0.0,0.000000,0.000000,00:00:00
2026-05-29 13:42:17.984,0,0,0.0,0.000000,0.000000,00:00:00
2026-05-29 13:42:18.087,0,0,0.0,0.000000,0.000000,00:00:00
2026-05-29 13:42:18.189,0,0,0.0,0.000000,0.000000,00:00:00
2026-05-29 13:42:18.273,0,0,0.0,0.000000,0.000000,00:00:00
2026-05-29 13:42:18.374,0,0,0.0,0.000000,0.000000,00:00:00
2026-05-29 13:42:18.484,0,0,0.0,0.000000,0.000000,00:00:00
2026-05-29 13:42:18.587,0,0,0.0,0.000000,0.000000,00:00:00
2026-05-29 13:42:18.683,0,0,0.0,0.000000,0.000000,00:00:00
2026-05-29 13:42:18.784,0,0,0.0,0.000000,0.000000,00:00:00
2026-05-29 13:42:18.886,0,0,0.0,0.000000,0.000000,00:00:00
2026-05-29 13:42:19.007,0,0,0.0,0.000000,0.000000,00:00:00
2026-05-29 13:42:19.091,0,0,0.0,0.000000,0.000000,00:00:00
2026-05-29 13:42:19.195,0,0,0.0,0.000000,0.000000,00:00:00
2026-05-29 13:42:19.275,0,0,0.0,0.000000,0.000000,00:00:00
2026-05-29 13:42:19.373,0,0,0.0,0.000000,0.000000,00:00:00
2026-05-29 13:42:19.479,0,0,0.0,0.000000,0.000000,00:00:00
2026-05-29 13:42:19.585,0,0,0.0,0.000000,0.000000,00:00:00
2026-05-29 13:42:19.69,0,0,0.0,0.000000,0.000000,00:00:00
2026-05-29 13:42:19.771,0,0,0.0,0.000000,0.000000,00:00:00
2026-05-29 13:42:19.879,0,0,0.0,0.000000,0.000000,00:00:00
2026-05-29 13:42:20.096,0,0,0.0,0.000000,0.000000,00:00:00
2026-05-29 13:42:20.128,0,0,0.0,0.000000,0.000000,00:00:00
2026-05-29 13:42:20.174,0,0,0.0,0.000000,0.000000,00:00:00
2026-05-29 13:42:20.281,0,0,0.0,0.000000,0.000000,00:00:00
2026-05-29 13:42:20.383,0,0,0.0,0.000000,0.000000,00:00:00
2026-05-29 13:42:20.48,0,0,0.0,0.000000,0.000000,00:00:00
2026-05-29 13:42:20.59,0,0,0.0,0.000000,0.000000,00:00:00
2026-05-29 13:42:20.69,0,0,0.0,0.000000,0.000000,00:00:00
2026-05-29 13:42:20.794,0,0,0.0,0.000000,0.000000,00:00:00
2026-05-29 13:42:20.895,0,0,0.0,0.000000,0.000000,00:00:00
2026-05-29 13:42:20.998,0,0,0.0,0.000000,0.000000,00:00:00
2026-05-29 13:42:21.095,0,0,0.0,0.000000,0.000000,00:00:00
2026-05-29 13:42:21.174,0,0,0.0,0.000000,0.000000,00:00:00
2026-05-29 13:42:21.301,0,0,0.0,0.000000,0.000000,00:00:00
2026-05-29 13:42:21.372,0,0,0.0,0.000000,0.000000,00:00:00
2026-05-29 13:42:21.476,0,0,0.0,0.000000,0.000000,00:00:00
2026-05-29 13:42:21.578,0,0,0.0,0.000000,0.000000,00:00:00
2026-05-29 13:42:21.679,0,0,0.0,0.000000,0.000000,00:00:00
2026-05-29 13:42:21.783,0,0,0.0,0.000000,0.000000,00:00:00
2026-05-29 13:42:21.896,0,0,0.0,0.000000,0.000000,00:00:00
2026-05-29 13:42:21.972,0,0,0.0,0.000000,0.000000,00:00:00
2026-05-29 13:42:22.073,0,0,0.0,0.000000,0.000000,00:00:00
2026-05-29 13:42:22.187,0,0,0.0,0.000000,0.000000,00:00:00
2026-05-29 13:42:22.274,0,0,0.0,0.000000,0.000000,00:00:00
2026-05-29 13:42:22.388,0,0,0.0,0.000000,0.000000,00:00:00
2026-05-29 13:42:22.489,0,0,0.0,0.000000,0.000000,00:00:00
2026-05-29 13:42:22.592,0,0,0.0,0.000000,0.000000,00:00:00
2026-05-29 13:42:22.678,0,0,0.0,0.000000,0.000000,00:00:00
2026-05-29 13:42:22.779,0,0,0.0,0.000000,0.000000,00:00:00
2026-05-29 13:42:22.88,0,0,0.0,0.000000,0.000000,00:00:00
2026-05-29 13:42:22.982,0,0,0.0,0.000000,0.000000,00:00:00
2026-05-29 13:42:23.088,0,0,0.0,0.000000,0.000000,00:00:00
2026-05-29 13:42:23.173,0,0,0.0,0.000000,0.000000,00:00:00
2026-05-29 13:42:23.274,0,0,0.0,0.000000,0.000000,00:00:00
2026-05-29 13:42:23.374,0,0,0.0,0.000000,0.000000,00:00:00
2026-05-29 13:42:23.478,0,0,0.0,0.000000,0.000000,00:00:00
2026-05-29 13:42:23.58,0,0,0.0,0.000000,0.000000,00:00:00
2026-05-29 13:42:23.689,0,0,0.0,0.000000,0.000000,00:00:00
2026-05-29 13:42:23.774,0,0,0.0,0.000000,0.000000,00:00:00
2026-05-29 13:42:23.884,0,0,0.0,0.000000,0.000000,00:00:00
2026-05-29 13:42:23.987,0,0,0.0,0.000000,0.000000,00:00:00
2026-05-29 13:42:24.088,0,0,0.0,0.000000,0.000000,00:00:00
2026-05-29 13:42:24.173,0,0,0.0,0.000000,0.000000,00:00:00
2026-05-29 13:42:24.277,0,0,0.0,0.000000,0.000000,00:00:00
2026-05-29 13:42:24.378,0,0,0.0,0.000000,0.000000,00:00:00
2026-05-29 13:42:24.489,0,0,0.0,0.000000,0.000000,00:00:00
2026-05-29 13:42:24.593,0,0,0.0,0.000000,0.000000,00:00:00
2026-05-29 13:42:24.676,0,0,0.0,0.000000,0.000000,00:00:00
2026-05-29 13:42:24.778,0,0,0.0,0.000000,0.000000,00:00:00
2026-05-29 13:42:24.871,0,0,0.0,0.000000,0.000000,00:00:00
2026-05-29 13:42:25.054,0,0,0.0,0.000000,0.000000,00:00:00
2026-05-29 13:42:25.095,0,0,0.0,0.000000,0.000000,00:00:00
2026-05-29 13:42:25.171,0,0,0.0,0.000000,0.000000,00:00:00
2026-05-29 13:42:25.285,0,0,0.0,0.000000,0.000000,00:00:00
2026-05-29 13:42:25.39,0,0,0.0,0.000000,0.000000,00:00:00
2026-05-29 13:42:25.495,0,0,0.0,0.000000,0.000000,00:00:00
2026-05-29 13:42:25.591,0,0,0.0,0.000000,0.000000,00:00:00
2026-05-29 13:42:25.693,0,0,0.0,0.000000,0.000000,00:00:00
2026-05-29 13:42:25.778,0,0,0.0,0.000000,0.000000,00:00:00
2026-05-29 13:42:25.881,0,0,0.0,0.000000,0.000000,00:00:00
2026-05-29 13:42:25.98,0,0,0.0,0.000000,0.000000,00:00:00
2026-05-29 13:42:26.082,0,0,0.0,0.000000,0.000000,00:00:00
2026-05-29 13:42:26.186,0,0,0.0,0.000000,0.000000,00:00:00
2026-05-29 13:42:26.291,0,0,0.0,0.000000,0.000000,00:00:00
2026-05-29 13:42:26.373,0,0,0.0,0.000000,0.000000,00:00:00
2026-05-29 13:42:26.474,0,0,0.0,0.000000,0.000000,00:00:00
2026-05-29 13:42:26.578,0,0,0.0,0.000000,0.000000,00:00:00
2026-05-29 13:42:26.675,0,0,0.0,0.000000,0.000000,00:00:00
2026-05-29 13:42:26.778,0,0,0.0,0.000000,0.000000,00:00:00
2026-05-29 13:42:26.904,0,0,0.0,0.000000,0.000000,00:00:00
2026-05-29 13:42:26.981,0,0,0.0,0.000000,0.000000,00:00:00
2026-05-29 13:42:27.089,0,0,0.0,0.000000,0.000000,00:00:00
2026-05-29 13:42:27.175,0,0,0.0,0.000000,0.000000,00:00:00
2026-05-29 13:42:27.276,0,0,0.0,0.000000,0.000000,00:00:00
2026-05-29 13:42:27.38,0,0,0.0,0.000000,0.000000,00:00:00
2026-05-29 13:42:27.486,0,0,0.0,0.000000,0.000000,00:00:00
2026-05-29 13:42:27.589,0,0,0.0,0.000000,0.000000,00:00:00
2026-05-29 13:42:27.677,0,0,0.0,0.000000,0.000000,00:00:00
2026-05-29 13:42:27.776,0,0,0.0,0.000000,0.000000,00:00:00
2026-05-29 13:42:27.878,0,0,0.0,0.000000,0.000000,00:00:00
2026-05-29 13:42:27.979,0,0,0.0,0.000000,0.000000,00:00:00
2026-05-29 13:42:28.105,0,0,0.0,0.000000,0.000000,00:00:00
2026-05-29 13:42:28.172,0,0,0.0,0.000000,0.000000,00:00:00
2026-05-29 13:42:28.279,0,0,0.0,0.000000,0.000000,00:00:00
2026-05-29 13:42:28.395,0,0,0.0,0.000000,0.000000,00:00:00
2026-05-29 13:42:28.496,0,0,0.0,0.000000,0.000000,00:00:00
2026-05-29 13:42:28.576,0,0,0.0,0.000000,0.000000,00:00:00
2026-05-29 13:42:28.68,0,0,0.0,0.000000,0.000000,00:00:00
2026-05-29 13:42:28.781,0,0,0.0,0.000000,0.000000,00:00:00
2026-05-29 13:42:28.884,0,0,0.0,0.000000,0.000000,00:00:00
2026-05-29 13:42:28.99,0,0,0.0,0.000000,0.000000,00:00:00
2026-05-29 13:42:29.105,0,0,0.0,0.000000,0.000000,00:00:00
2026-05-29 13:42:29.18,0,0,0.0,0.000000,0.000000,00:00:00
2026-05-29 13:42:29.279,0,0,0.0,0.000000,0.000000,00:00:00
2026-05-29 13:42:29.38,0,0,0.0,0.000000,0.000000,00:00:00
2026-05-29 13:42:29.484,0,0,0.0,0.000000,0.000000,00:00:00
2026-05-29 13:42:29.585,0,0,0.0,0.000000,0.000000,00:00:00
2026-05-29 13:42:29.674,0,0,0.0,0.000000,0.000000,00:00:00
2026-05-29 13:42:29.775,0,0,0.0,0.000000,0.000000,00:00:00
2026-05-29 13:42:29.879,0,0,0.0,0.000000,0.000000,00:00:00
2026-05-29 13:42:30.059,0,0,0.0,0.000000,0.000000,00:00:00
2026-05-29 13:42:30.074,0,0,0.0,0.000000,0.000000,00:00:00
2026-05-29 13:42:30.177,0,0,0.0,0.000000,0.000000,00:00:00
2026-05-29 13:42:30.277,0,0,0.0,0.000000,0.000000,00:00:00
2026-05-29 13:42:30.371,0,0,0.0,0.000000,0.000000,00:00:00
2026-05-29 13:42:30.472,0,0,0.0,0.000000,0.000000,00:00:00
2026-05-29 13:42:30.574,0,0,0.0,0.000000,0.000000,00:00:00
2026-05-29 13:42:30.677,0,0,0.0,0.000000,0.000000,00:00:00
2026-05-29 13:42:30.774,0,0,0.0,0.000000,0.000000,00:00:00
2026-05-29 13:42:30.877,0,0,0.0,0.000000,0.000000,00:00:00
2026-05-29 13:42:30.976,0,0,0.0,0.000000,0.000000,00:00:00
2026-05-29 13:42:31.079,0,0,0.0,0.000000,0.000000,00:00:00
2026-05-29 13:42:31.182,0,0,0.0,0.000000,0.000000,00:00:00
2026-05-29 13:42:31.283,0,0,0.0,0.000000,0.000000,00:00:00
2026-05-29 13:42:31.384,0,0,0.0,0.000000,0.000000,00:00:00
2026-05-29 13:42:31.491,0,0,0.0,0.000000,0.000000,00:00:00
2026-05-29 13:42:31.58,0,0,0.0,0.000000,0.000000,00:00:00
2026-05-29 13:42:31.681,0,0,0.0,0.000000,0.000000,00:00:00
2026-05-29 13:42:31.784,0,0,0.0,0.000000,0.000000,00:00:00
2026-05-29 13:42:31.885,0,0,0.0,0.000000,0.000000,00:00:00
2026-05-29 13:42:31.986,0,0,0.0,0.000000,0.000000,00:00:00
2026-05-29 13:42:32.09,0,0,0.0,0.000000,0.000000,00:00:00
2026-05-29 13:42:32.184,0,0,0.0,0.000000,0.000000,00:00:00
2026-05-29 13:42:32.277,0,0,0.0,0.000000,0.000000,00:00:00
2026-05-29 13:42:32.381,0,0,0.0,0.000000,0.000000,00:00:00
2026-05-29 13:42:32.483,0,0,0.0,0.000000,0.000000,00:00:00
2026-05-29 13:42:32.576,0,0,0.0,0.000000,0.000000,00:00:00
2026-05-29 13:42:32.68,0,0,0.0,0.000000,0.000000,00:00:00
2026-05-29 13:42:32.782,0,0,0.0,0.000000,0.000000,00:00:00
2026-05-29 13:42:32.894,0,0,0.0,0.000000,0.000000,00:00:00
2026-05-29 13:42:32.989,0,0,0.0,0.000000,0.000000,00:00:00
2026-05-29 13:42:33.093,0,0,0.0,0.000000,0.000000,00:00:00
2026-05-29 13:42:33.194,0,0,0.0,0.000000,0.000000,00:00:00
2026-05-29 13:42:33.273,0,0,0.0,0.000000,0.000000,00:00:00
2026-05-29 13:42:33.374,0,0,0.0,0.000000,0.000000,00:00:00
2026-05-29 13:42:33.487,0,0,0.0,0.000000,0.000000,00:00:00
2026-05-29 13:42:33.58,0,0,0.0,0.000000,0.000000,00:00:00
2026-05-29 13:42:33.683,0,0,0.0,0.000000,0.000000,00:00:00
2026-05-29 13:42:33.784,0,0,0.0,0.000000,0.000000,00:00:00
2026-05-29 13:42:33.889,0,0,0.0,0.000000,0.000000,00:00:00
2026-05-29 13:42:33.994,0,0,0.0,0.000000,0.000000,00:00:00
2026-05-29 13:42:34.073,0,0,0.0,0.000000,0.000000,00:00:00
2026-05-29 13:42:34.186,0,0,0.0,0.000000,0.000000,00:00:00
2026-05-29 13:42:34.29,0,0,0.0,0.000000,0.000000,00:00:00
2026-05-29 13:42:34.394,0,0,0.0,0.000000,0.000000,00:00:00
2026-05-29 13:42:34.487,0,0,0.0,0.000000,0.000000,00:00:00
2026-05-29 13:42:34.59,0,0,0.0,0.000000,0.000000,00:00:00
2026-05-29 13:42:34.694,0,0,0.0,0.000000,0.000000,00:00:00
2026-05-29 13:42:34.773,0,0,0.0,0.000000,0.000000,00:00:00
2026-05-29 13:42:34.883,0,0,0.0,0.000000,0.000000,00:00:00
2026-05-29 13:42:35.059,0,0,0.0,0.000000,0.000000,00:00:00
2026-05-29 13:42:35.098,0,0,0.0,0.000000,0.000000,00:00:00
2026-05-29 13:42:35.175,0,0,0.0,0.000000,0.000000,00:00:00
2026-05-29 13:42:35.278,0,0,0.0,0.000000,0.000000,00:00:00
2026-05-29 13:42:35.382,0,0,0.0,0.000000,0.000000,00:00:00
2026-05-29 13:42:35.496,0,0,0.0,0.000000,0.000000,00:00:00
2026-05-29 13:42:35.572,0,0,0.0,0.000000,0.000000,00:00:00
2026-05-29 13:42:35.674,0,0,0.0,0.000000,0.000000,00:00:00
2026-05-29 13:42:35.775,0,0,0.0,0.000000,0.000000,00:00:00
2026-05-29 13:42:35.875,0,0,0.0,0.000000,0.000000,00:00:00
2026-05-29 13:42:35.979,0,0,0.0,0.000000,0.000000,00:00:00
2026-05-29 13:42:36.085,0,0,0.0,0.000000,0.000000,00:00:00
2026-05-29 13:42:36.194,0,0,0.0,0.000000,0.000000,00:00:00
2026-05-29 13:42:36.276,0,0,0.0,0.000000,0.000000,00:00:00
2026-05-29 13:42:36.378,0,0,0.0,0.000000,0.000000,00:00:00
2026-05-29 13:42:36.482,0,0,0.0,0.000000,0.000000,00:00:00
2026-05-29 13:42:36.585,0,0,0.0,0.000000,0.000000,00:00:00
2026-05-29 13:42:36.68,0,0,0.0,0.000000,0.000000,00:00:00
2026-05-29 13:42:36.79,0,0,0.0,0.000000,0.000000,00:00:00
2026-05-29 13:42:36.892,0,0,0.0,0.000000,0.000000,00:00:00
2026-05-29 13:42:36.983,0,0,0.0,0.000000,0.000000,00:00:00
2026-05-29 13:42:37.088,0,0,0.0,0.000000,0.000000,00:00:00
2026-05-29 13:42:37.186,0,0,0.0,0.000000,0.000000,00:00:00
2026-05-29 13:42:37.29,0,0,0.0,0.000000,0.000000,00:00:00
2026-05-29 13:42:37.377,0,0,0.0,0.000000,0.000000,00:00:00
2026-05-29 13:42:37.481,0,0,0.0,0.000000,0.000000,00:00:00
2026-05-29 13:42:37.582,0,0,0.0,0.000000,0.000000,00:00:00
2026-05-29 13:42:37.684,0,0,0.0,0.000000,0.000000,00:00:00
2026-05-29 13:42:37.786,0,0,0.0,0.000000,0.000000,00:00:00
2026-05-29 13:42:37.915,0,0,0.0,0.000000,0.000000,00:00:00
2026-05-29 13:42:37.977,0,0,0.0,0.000000,0.000000,00:00:00
2026-05-29 13:42:38.082,0,0,0.0,0.000000,0.000000,00:00:00
2026-05-29 13:42:38.184,0,0,0.0,0.000000,0.000000,00:00:00
2026-05-29 13:42:38.288,0,0,0.0,0.000000,0.000000,00:00:00
2026-05-29 13:42:38.389,0,0,0.0,0.000000,0.000000,00:00:00
2026-05-29 13:42:38.476,0,0,0.0,0.000000,0.000000,00:00:00
2026-05-29 13:42:38.58,0,0,0.0,0.000000,0.000000,00:00:00
2026-05-29 13:42:38.683,0,0,0.0,0.000000,0.000000,00:00:00
2026-05-29 13:42:38.793,0,0,0.0,0.000000,0.000000,00:00:00
2026-05-29 13:42:38.894,0,0,0.0,0.000000,0.000000,00:00:00
2026-05-29 13:42:38.995,0,0,0.0,0.000000,0.000000,00:00:00
2026-05-29 13:42:39.074,0,0,0.0,0.000000,0.000000,00:00:00
2026-05-29 13:42:39.185,0,0,0.0,0.000000,0.000000,00:00:00
2026-05-29 13:42:39.317,0,0,0.0,0.000000,0.000000,00:00:00
2026-05-29 13:42:39.373,0,0,0.0,0.000000,0.000000,00:00:00
2026-05-29 13:42:39.478,0,0,0.0,0.000000,0.000000,00:00:00
2026-05-29 13:42:39.578,0,0,0.0,0.000000,0.000000,00:00:00
2026-05-29 13:42:39.672,0,0,0.0,0.000000,0.000000,00:00:00
2026-05-29 13:42:39.774,0,0,0.0,0.000000,0.000000,00:00:00
2026-05-29 13:42:39.884,0,0,0.0,0.000000,0.000000,00:00:00
2026-05-29 13:42:40.048,0,0,0.0,0.000000,0.000000,00:00:00
2026-05-29 13:42:40.073,0,0,0.0,0.000000,0.000000,00:00:00
2026-05-29 13:42:40.174,0,0,0.0,0.000000,0.000000,00:00:00
2026-05-29 13:42:40.276,0,0,0.0,0.000000,0.000000,00:00:00
2026-05-29 13:42:40.379,0,0,0.0,0.000000,0.000000,00:00:00
2026-05-29 13:42:40.483,0,0,0.0,0.000000,0.000000,00:00:00
2026-05-29 13:42:40.584,0,0,0.0,0.000000,0.000000,00:00:00
2026-05-29 13:42:40.691,0,0,0.0,0.000000,0.000000,00:00:00
2026-05-29 13:42:40.781,0,0,0.0,0.000000,0.000000,00:00:00
2026-05-29 13:42:40.883,0,0,0.0,0.000000,0.000000,00:00:00
2026-05-29 13:42:40.988,0,0,0.0,0.000000,0.000000,00:00:00
2026-05-29 13:42:41.077,0,0,0.0,0.000000,0.000000,00:00:00
2026-05-29 13:42:41.193,0,0,0.0,0.000000,0.000000,00:00:00
2026-05-29 13:42:41.294,0,0,0.0,0.000000,0.000000,00:00:00
2026-05-29 13:42:41.383,0,0,0.0,0.000000,0.000000,00:00:00
2026-05-29 13:42:41.491,0,0,0.0,0.000000,0.000000,00:00:00
2026-05-29 13:42:41.594,0,0,0.0,0.000000,0.000000,00:00:00
2026-05-29 13:42:41.675,0,0,0.0,0.000000,0.000000,00:00:00
2026-05-29 13:42:41.774,0,0,0.0,0.000000,0.000000,00:00:00
2026-05-29 13:42:41.888,0,0,0.0,0.000000,0.000000,00:00:00
2026-05-29 13:42:41.992,0,0,0.0,0.000000,0.000000,00:00:00
2026-05-29 13:42:42.081,0,0,0.0,0.000000,0.000000,00:00:00
2026-05-29 13:42:42.177,0,0,0.0,0.000000,0.000000,00:00:00
2026-05-29 13:42:42.282,0,0,0.0,0.000000,0.000000,00:00:00
2026-05-29 13:42:42.383,0,0,0.0,0.000000,0.000000,00:00:00
2026-05-29 13:42:42.48,0,0,0.0,0.000000,0.000000,00:00:00
2026-05-29 13:42:42.581,0,0,0.0,0.000000,0.000000,00:00:00
2026-05-29 13:42:42.683,0,0,0.0,0.000000,0.000000,00:00:00
2026-05-29 13:42:42.784,0,0,0.0,0.000000,0.000000,00:00:00
2026-05-29 13:42:42.883,0,0,0.0,0.000000,0.000000,00:00:00
2026-05-29 13:42:42.984,0,0,0.0,0.000000,0.000000,00:00:00
2026-05-29 13:42:43.088,0,0,0.0,0.000000,0.000000,00:00:00
2026-05-29 13:42:43.189,0,0,0.0,0.000000,0.000000,00:00:00
2026-05-29 13:42:43.291,0,0,0.0,0.000000,0.000000,00:00:00
2026-05-29 13:42:43.384,0,0,0.0,0.000000,0.000000,00:00:00
2026-05-29 13:42:43.491,0,0,0.0,0.000000,0.000000,00:00:00
2026-05-29 13:42:43.583,0,0,0.0,0.000000,0.000000,00:00:00
2026-05-29 13:42:43.686,0,0,0.0,0.000000,0.000000,00:00:00
2026-05-29 13:42:43.787,0,0,0.0,0.000000,0.000000,00:00:00
2026-05-29 13:42:43.892,0,0,0.0,0.000000,0.000000,00:00:00
2026-05-29 13:42:43.976,0,0,0.0,0.000000,0.000000,00:00:00
2026-05-29 13:42:44.078,0,0,0.0,0.000000,0.000000,00:00:00
2026-05-29 13:42:44.179,0,0,0.0,0.000000,0.000000,00:00:00
2026-05-29 13:42:44.294,0,0,0.0,0.000000,0.000000,00:00:00
2026-05-29 13:42:44.386,0,0,0.0,0.000000,0.000000,00:00:00
2026-05-29 13:42:44.49,0,0,0.0,0.000000,0.000000,00:00:00
2026-05-29 13:42:44.591,0,0,0.0,0.000000,0.000000,00:00:00
2026-05-29 13:42:44.684,0,0,0.0,0.000000,0.000000,00:00:00
2026-05-29 13:42:44.772,0,0,0.0,0.000000,0.000000,00:00:00
2026-05-29 13:42:44.874,0,0,0.0,0.000000,0.000000,00:00:00
2026-05-29 13:42:45.058,0,0,0.0,0.000000,0.000000,00:00:00
2026-05-29 13:42:45.074,0,0,0.0,0.000000,0.000000,00:00:00
2026-05-29 13:42:45.177,0,0,0.0,0.000000,0.000000,00:00:00
2026-05-29 13:42:45.292,0,0,0.0,0.000000,0.000000,00:00:00
2026-05-29 13:42:45.394,0,0,0.0,0.000000,0.000000,00:00:00
2026-05-29 13:42:45.474,0,0,0.0,0.000000,0.000000,00:00:00
2026-05-29 13:42:45.574,0,0,0.0,0.000000,0.000000,00:00:00
2026-05-29 13:42:45.675,0,0,0.0,0.000000,0.000000,00:00:00
2026-05-29 13:42:45.776,0,0,0.0,0.000000,0.000000,00:00:00
2026-05-29 13:42:45.875,0,0,0.0,0.000000,0.000000,00:00:00
2026-05-29 13:42:45.983,0,0,0.0,0.000000,0.000000,00:00:00
2026-05-29 13:42:46.091,0,0,0.0,0.000000,0.000000,00:00:00
2026-05-29 13:42:46.172,0,0,0.0,0.000000,0.000000,00:00:00
2026-05-29 13:42:46.284,0,0,0.0,0.000000,0.000000,00:00:00
2026-05-29 13:42:46.385,0,0,0.0,0.000000,0.000000,00:00:00
2026-05-29 13:42:46.487,0,0,0.0,0.000000,0.000000,00:00:00
2026-05-29 13:42:46.592,0,0,0.0,0.000000,0.000000,00:00:00
2026-05-29 13:42:46.698,0,0,0.0,0.000000,0.000000,00:00:00
2026-05-29 13:42:46.772,0,0,0.0,0.000000,0.000000,00:00:00
2026-05-29 13:42:46.879,0,0,0.0,0.000000,0.000000,00:00:00
2026-05-29 13:42:46.974,0,0,0.0,0.000000,0.000000,00:00:00
2026-05-29 13:42:47.078,0,0,0.0,0.000000,0.000000,00:00:00
2026-05-29 13:42:47.179,0,0,0.0,0.000000,0.000000,00:00:00
2026-05-29 13:42:47.284,0,0,0.0,0.000000,0.000000,00:00:00
2026-05-29 13:42:47.391,0,0,0.0,0.000000,0.000000,00:00:00
2026-05-29 13:42:47.495,0,0,0.0,0.000000,0.000000,00:00:00
2026-05-29 13:42:47.573,0,0,0.0,0.000000,0.000000,00:00:00
2026-05-29 13:42:47.681,0,0,0.0,0.000000,0.000000,00:00:00
2026-05-29 13:42:47.783,0,0,0.0,0.000000,0.000000,00:00:00
2026-05-29 13:42:47.889,0,0,0.0,0.000000,0.000000,00:00:00
2026-05-29 13:42:47.99,0,0,0.0,0.000000,0.000000,00:00:00
2026-05-29 13:42:48.094,0,0,0.0,0.000000,0.000000,00:00:00
2026-05-29 13:42:48.179,0,0,0.0,0.000000,0.000000,00:00:00
2026-05-29 13:42:48.289,0,0,0.0,0.000000,0.000000,00:00:00
2026-05-29 13:42:48.388,0,0,0.0,0.000000,0.000000,00:00:00
2026-05-29 13:42:48.489,0,0,0.0,0.000000,0.000000,00:00:00
2026-05-29 13:42:48.601,0,0,0.0,0.000000,0.000000,00:00:00
2026-05-29 13:42:48.692,0,0,0.0,0.000000,0.000000,00:00:00
2026-05-29 13:42:48.773,0,0,0.0,0.000000,0.000000,00:00:00
2026-05-29 13:42:48.875,0,0,0.0,0.000000,0.000000,00:00:00
2026-05-29 13:42:48.975,0,0,0.0,0.000000,0.000000,00:00:00
2026-05-29 13:42:49.081,0,0,0.0,0.000000,0.000000,00:00:00
2026-05-29 13:42:49.176,0,0,0.0,0.000000,0.000000,00:00:00
2026-05-29 13:42:49.278,0,0,0.0,0.000000,0.000000,00:00:00
2026-05-29 13:42:49.379,0,0,0.0,0.000000,0.000000,00:00:00
2026-05-29 13:42:49.475,0,0,0.0,0.000000,0.000000,00:00:00
2026-05-29 13:42:49.583,0,0,0.0,0.000000,0.000000,00:00:00
2026-05-29 13:42:49.684,0,0,0.0,0.000000,0.000000,00:00:00
2026-05-29 13:42:49.792,0,0,0.0,0.000000,0.000000,00:00:00
2026-05-29 13:42:49.876,0,0,0.0,0.000000,0.000000,00:00:00
2026-05-29 13:42:50.064,0,0,0.0,0.000000,0.000000,00:00:00
2026-05-29 13:42:50.074,0,0,0.0,0.000000,0.000000,00:00:00
2026-05-29 13:42:50.175,0,0,0.0,0.000000,0.000000,00:00:00
2026-05-29 13:42:50.277,0,0,0.0,0.000000,0.000000,00:00:00
2026-05-29 13:42:50.379,0,0,0.0,0.000000,0.000000,00:00:00
2026-05-29 13:42:50.483,0,0,0.0,0.000000,0.000000,00:00:00
2026-05-29 13:42:50.576,0,0,0.0,0.000000,0.000000,00:00:00
2026-05-29 13:42:50.678,0,0,0.0,0.000000,0.000000,00:00:00
2026-05-29 13:42:50.779,0,0,0.0,0.000000,0.000000,00:00:00
2026-05-29 13:42:50.881,0,0,0.0,0.000000,0.000000,00:00:00
2026-05-29 13:42:50.982,0,0,0.0,0.000000,0.000000,00:00:00
2026-05-29 13:42:51.087,0,0,0.0,0.000000,0.000000,00:00:00
2026-05-29 13:42:51.189,0,0,0.0,0.000000,0.000000,00:00:00
2026-05-29 13:42:51.279,0,0,0.0,0.000000,0.000000,00:00:00
2026-05-29 13:42:51.384,0,0,0.0,0.000000,0.000000,00:00:00
2026-05-29 13:42:51.489,0,0,0.0,0.000000,0.000000,00:00:00
2026-05-29 13:42:51.591,0,0,0.0,0.000000,0.000000,00:00:00
2026-05-29 13:42:51.687,0,0,0.0,0.000000,0.000000,00:00:00
2026-05-29 13:42:51.794,0,0,0.0,0.000000,0.000000,00:00:00
2026-05-29 13:42:51.9,0,0,0.0,0.000000,0.000000,00:00:00
2026-05-29 13:42:51.974,0,0,0.0,0.000000,0.000000,00:00:00
2026-05-29 13:42:52.079,0,0,0.0,0.000000,0.000000,00:00:00
2026-05-29 13:42:52.18,0,0,0.0,0.000000,0.000000,00:00:00
2026-05-29 13:42:52.294,0,0,0.0,0.000000,0.000000,00:00:00
2026-05-29 13:42:52.374,0,0,0.0,0.000000,0.000000,00:00:00
2026-05-29 13:42:52.476,0,0,0.0,0.000000,0.000000,00:00:00
2026-05-29 13:42:52.581,0,0,0.0,0.000000,0.000000,00:00:00
2026-05-29 13:42:52.689,0,0,0.0,0.000000,0.000000,00:00:00
2026-05-29 13:42:52.782,0,0,0.0,0.000000,0.000000,00:00:00
2026-05-29 13:42:52.884,0,0,0.0,0.000000,0.000000,00:00:00
2026-05-29 13:42:52.985,0,0,0.0,0.000000,0.000000,00:00:00
2026-05-29 13:42:53.096,0,0,0.0,0.000000,0.000000,00:00:00
2026-05-29 13:42:53.174,0,0,0.0,0.000000,0.000000,00:00:00
2026-05-29 13:42:53.275,0,0,0.0,0.000000,0.000000,00:00:00
2026-05-29 13:42:53.377,0,0,0.0,0.000000,0.000000,00:00:00
2026-05-29 13:42:53.481,0,0,0.0,0.000000,0.000000,00:00:00
2026-05-29 13:42:53.578,0,0,0.0,0.000000,0.000000,00:00:00
2026-05-29 13:42:53.679,0,0,0.0,0.000000,0.000000,00:00:00
2026-05-29 13:42:53.78,0,0,0.0,0.000000,0.000000,00:00:00
2026-05-29 13:42:53.88,0,0,0.0,0.000000,0.000000,00:00:00
2026-05-29 13:42:53.985,0,0,0.0,0.000000,0.000000,00:00:00
2026-05-29 13:42:54.09,0,0,0.0,0.000000,0.000000,00:00:00
2026-05-29 13:42:54.191,0,0,0.0,0.000000,0.000000,00:00:00
2026-05-29 13:42:54.293,0,0,0.0,0.000000,0.000000,00:00:00
2026-05-29 13:42:54.374,0,0,0.0,0.000000,0.000000,00:00:00
2026-05-29 13:42:54.475,0,0,0.0,0.000000,0.000000,00:00:00
2026-05-29 13:42:54.584,0,0,0.0,0.000000,0.000000,00:00:00
2026-05-29 13:42:54.684,0,0,0.0,0.000000,0.000000,00:00:00
2026-05-29 13:42:54.822,0,0,0.0,0.000000,0.000000,00:00:00
2026-05-29 13:42:54.874,0,0,0.0,0.000000,0.000000,00:00:00
2026-05-29 13:42:55.06,0,0,0.0,0.000000,0.000000,00:00:00
2026-05-29 13:42:55.076,0,0,0.0,0.000000,0.000000,00:00:00
2026-05-29 13:42:55.186,0,0,0.0,0.000000,0.000000,00:00:00
2026-05-29 13:42:55.287,0,0,0.0,0.000000,0.000000,00:00:00
2026-05-29 13:42:55.375,0,0,0.0,0.000000,0.000000,00:00:00
2026-05-29 13:42:55.48,0,0,0.0,0.000000,0.000000,00:00:00
2026-05-29 13:42:55.581,0,0,0.0,0.000000,0.000000,00:00:00
2026-05-29 13:42:55.694,0,0,0.0,0.000000,0.000000,00:00:00
2026-05-29 13:42:55.776,0,0,0.0,0.000000,0.000000,00:00:00
2026-05-29 13:42:55.886,0,0,0.0,0.000000,0.000000,00:00:00
2026-05-29 13:42:55.99,0,0,0.0,0.000000,0.000000,00:00:00
2026-05-29 13:42:56.079,0,0,0.0,0.000000,0.000000,00:00:00
2026-05-29 13:42:56.18,0,0,0.0,0.000000,0.000000,00:00:00
2026-05-29 13:42:56.284,0,0,0.0,0.000000,0.000000,00:00:00
2026-05-29 13:42:56.385,0,0,0.0,0.000000,0.000000,00:00:00
2026-05-29 13:42:56.478,0,0,0.0,0.000000,0.000000,00:00:00
2026-05-29 13:42:56.579,0,0,0.0,0.000000,0.000000,00:00:00
2026-05-29 13:42:56.682,0,0,0.0,0.000000,0.000000,00:00:00
2026-05-29 13:42:56.784,0,0,0.0,0.000000,0.000000,00:00:00
2026-05-29 13:42:56.891,0,0,0.0,0.000000,0.000000,00:00:00
2026-05-29 13:42:56.979,0,0,0.0,0.000000,0.000000,00:00:00
2026-05-29 13:42:57.084,0,0,0.0,0.000000,0.000000,00:00:00
2026-05-29 13:42:57.193,0,0,0.0,0.000000,0.000000,00:00:00
2026-05-29 13:42:57.28,0,0,0.0,0.000000,0.000000,00:00:00
2026-05-29 13:42:57.382,0,0,0.0,0.000000,0.000000,00:00:00
2026-05-29 13:42:57.485,0,0,0.0,0.000000,0.000000,00:00:00
2026-05-29 13:42:57.588,0,0,0.0,0.000000,0.000000,00:00:00
2026-05-29 13:42:57.689,0,0,0.0,0.000000,0.000000,00:00:00
2026-05-29 13:42:57.892,0,0,0.0,0.000000,0.000000,00:00:00
2026-05-29 13:42:57.892,0,0,0.0,0.000000,0.000000,00:00:00
2026-05-29 13:42:57.981,0,0,0.0,0.000000,0.000000,00:00:00
2026-05-29 13:42:58.082,0,0,0.0,0.000000,0.000000,00:00:00
2026-05-29 13:55:02.855,0,0,0.0,0.000000,0.000000,00:00:00
2026-05-29 13:55:02.93,0,0,0.0,0.000000,0.000000,00:00:00
2026-05-29 13:55:03.018,0,0,0.0,0.000000,0.000000,00:00:00
2026-05-29 13:55:03.119,0,0,0.0,0.000000,0.000000,00:00:00
2026-05-29 13:55:03.231,0,0,0.0,0.000000,0.000000,00:00:00
2026-05-29 13:55:03.333,0,0,0.0,0.000000,0.000000,00:00:00
2026-05-29 13:55:03.418,0,0,0.0,0.000000,0.000000,00:00:00
2026-05-29 13:55:03.525,0,0,0.0,0.000000,0.000000,00:00:00
2026-05-29 13:55:03.629,0,0,0.0,0.000000,0.000000,00:00:00
2026-05-29 13:55:03.733,0,0,0.0,0.000000,0.000000,00:00:00
2026-05-29 13:55:03.834,0,0,0.0,0.000000,0.000000,00:00:00
2026-05-29 13:55:03.936,0,0,0.0,0.000000,0.000000,00:00:00
2026-05-29 13:55:04.014,0,0,0.0,0.000000,0.000000,00:00:00
2026-05-29 13:55:04.128,0,0,0.0,0.000000,0.000000,00:00:00
2026-05-29 13:55:04.229,0,0,0.0,0.000000,0.000000,00:00:00
2026-05-29 13:55:04.332,0,0,0.0,0.000000,0.000000,00:00:00
2026-05-29 13:55:04.435,0,0,0.0,0.000000,0.000000,00:00:00
2026-05-29 13:55:04.533,0,0,0.0,0.000000,0.000000,00:00:00
2026-05-29 13:55:04.634,0,0,0.0,0.000000,0.000000,00:00:00
2026-05-29 13:55:04.735,0,0,0.0,0.000000,0.000000,00:00:00
2026-05-29 13:55:04.82,0,0,0.0,0.000000,0.000000,00:00:00
2026-05-29 13:55:04.929,0,0,0.0,0.000000,0.000000,00:00:00
2026-05-29 13:55:05.087,0,0,0.0,0.000000,0.000000,00:00:00
2026-05-29 13:55:05.132,0,0,0.0,0.000000,0.000000,00:00:00
2026-05-29 13:55:05.215,0,0,0.0,0.000000,0.000000,00:00:00
2026-05-29 13:55:05.317,0,0,0.0,0.000000,0.000000,00:00:00
2026-05-29 13:55:05.419,0,0,0.0,0.000000,0.000000,00:00:00
2026-05-29 13:55:05.52,0,0,0.0,0.000000,0.000000,00:00:00
2026-05-29 13:55:05.614,0,0,0.0,0.000000,0.000000,00:00:00
2026-05-29 13:55:05.716,0,0,0.0,0.000000,0.000000,00:00:00
2026-05-29 13:55:05.82,0,0,0.0,0.000000,0.000000,00:00:00
2026-05-29 13:55:05.934,0,0,0.0,0.000000,0.000000,00:00:00
2026-05-29 13:55:06.014,0,0,0.0,0.000000,0.000000,00:00:00
2026-05-29 13:55:06.126,0,0,0.0,0.000000,0.000000,00:00:00
2026-05-29 13:55:06.228,0,0,0.0,0.000000,0.000000,00:00:00
2026-05-29 13:55:06.327,0,0,0.0,0.000000,0.000000,00:00:00
2026-05-29 13:55:06.431,0,0,0.0,0.000000,0.000000,00:00:00
2026-05-29 13:55:06.532,0,0,0.0,0.000000,0.000000,00:00:00
2026-05-29 13:55:06.637,0,0,0.0,0.000000,0.000000,00:00:00
2026-05-29 13:55:06.73,0,0,0.0,0.000000,0.000000,00:00:00
2026-05-29 13:55:06.851,0,0,0.0,0.000000,0.000000,00:00:00
2026-05-29 13:55:06.937,0,0,0.0,0.000000,0.000000,00:00:00
2026-05-29 13:55:07.014,0,0,0.0,0.000000,0.000000,00:00:00
2026-05-29 13:55:07.118,0,0,0.0,0.000000,0.000000,00:00:00
2026-05-29 13:55:07.216,0,0,0.0,0.000000,0.000000,00:00:00
2026-05-29 13:55:07.317,0,0,0.0,0.000000,0.000000,00:00:00
2026-05-29 13:55:07.414,0,0,0.0,0.000000,0.000000,00:00:00
2026-05-29 13:55:07.516,0,0,0.0,0.000000,0.000000,00:00:00
2026-05-29 13:55:07.621,0,0,0.0,0.000000,0.000000,00:00:00
2026-05-29 13:55:07.722,0,0,0.0,0.000000,0.000000,00:00:00
2026-05-29 13:55:07.815,0,0,0.0,0.000000,0.000000,00:00:00
2026-05-29 13:55:07.917,0,0,0.0,0.000000,0.000000,00:00:00
2026-05-29 13:55:08.023,0,0,0.0,0.000000,0.000000,00:00:00
2026-05-29 13:55:08.129,0,0,0.0,0.000000,0.000000,00:00:00
2026-05-29 13:55:08.214,0,0,0.0,0.000000,0.000000,00:00:00
2026-05-29 13:55:08.315,0,0,0.0,0.000000,0.000000,00:00:00
2026-05-29 13:55:08.419,0,0,0.0,0.000000,0.000000,00:00:00
2026-05-29 13:55:08.523,0,0,0.0,0.000000,0.000000,00:00:00
2026-05-29 13:55:08.624,0,0,0.0,0.000000,0.000000,00:00:00
2026-05-29 13:55:08.725,0,0,0.0,0.000000,0.000000,00:00:00
2026-05-29 13:55:08.829,0,0,0.0,0.000000,0.000000,00:00:00
2026-05-29 13:55:08.922,0,0,0.0,0.000000,0.000000,00:00:00
2026-05-29 13:55:09.023,0,0,0.0,0.000000,0.000000,00:00:00
2026-05-29 13:55:09.124,0,0,0.0,0.000000,0.000000,00:00:00
2026-05-29 13:55:09.227,0,0,0.0,0.000000,0.000000,00:00:00
2026-05-29 13:55:09.317,0,0,0.0,0.000000,0.000000,00:00:00
2026-05-29 13:55:09.421,0,0,0.0,0.000000,0.000000,00:00:00
2026-05-29 13:55:09.533,0,0,0.0,0.000000,0.000000,00:00:00
2026-05-29 13:55:09.614,0,0,0.0,0.000000,0.000000,00:00:00
2026-05-29 13:55:09.715,0,0,0.0,0.000000,0.000000,00:00:00
2026-05-29 13:55:09.826,0,0,0.0,0.000000,0.000000,00:00:00
2026-05-29 13:55:09.915,0,0,0.0,0.000000,0.000000,00:00:00
2026-05-29 13:55:10.095,0,0,0.0,0.000000,0.000000,00:00:00
2026-05-29 13:55:10.114,0,0,0.0,0.000000,0.000000,00:00:00
2026-05-29 13:55:10.215,0,0,0.0,0.000000,0.000000,00:00:00
2026-05-29 13:55:10.318,0,0,0.0,0.000000,0.000000,00:00:00
2026-05-29 13:55:10.423,0,0,0.0,0.000000,0.000000,00:00:00
2026-05-29 13:55:10.524,0,0,0.0,0.000000,0.000000,00:00:00
2026-05-29 13:55:10.626,0,0,0.0,0.000000,0.000000,00:00:00
2026-05-29 13:55:10.72,0,0,0.0,0.000000,0.000000,00:00:00
2026-05-29 13:55:10.838,0,0,0.0,0.000000,0.000000,00:00:00
2026-05-29 13:55:10.938,0,0,0.0,0.000000,0.000000,00:00:00
2026-05-29 13:55:11.016,0,0,0.0,0.000000,0.000000,00:00:00
2026-05-29 13:55:11.129,0,0,0.0,0.000000,0.000000,00:00:00
2026-05-29 13:55:11.233,0,0,0.0,0.000000,0.000000,00:00:00
2026-05-29 13:55:11.334,0,0,0.0,0.000000,0.000000,00:00:00
2026-05-29 13:55:11.436,0,0,0.0,0.000000,0.000000,00:00:00
2026-05-29 13:55:11.514,0,0,0.0,0.000000,0.000000,00:00:00
2026-05-29 13:55:11.618,0,0,0.0,0.000000,0.000000,00:00:00
2026-05-29 13:55:11.725,0,0,0.0,0.000000,0.000000,00:00:00
2026-05-29 13:55:11.834,0,0,0.0,0.000000,0.000000,00:00:00
2026-05-29 13:55:11.918,0,0,0.0,0.000000,0.000000,00:00:00
2026-05-29 13:55:12.024,0,0,0.0,0.000000,0.000000,00:00:00
2026-05-29 13:55:12.114,0,0,0.0,0.000000,0.000000,00:00:00
2026-05-29 13:55:12.222,0,0,0.0,0.000000,0.000000,00:00:00
2026-05-29 13:55:12.324,0,0,0.0,0.000000,0.000000,00:00:00
2026-05-29 13:55:12.438,0,0,0.0,0.000000,0.000000,00:00:00
2026-05-29 13:55:12.52,0,0,0.0,0.000000,0.000000,00:00:00
2026-05-29 13:55:12.624,0,0,0.0,0.000000,0.000000,00:00:00
2026-05-29 13:55:12.726,0,0,0.0,0.000000,0.000000,00:00:00
2026-05-29 13:55:12.83,0,0,0.0,0.000000,0.000000,00:00:00
2026-05-29 13:55:12.914,0,0,0.0,0.000000,0.000000,00:00:00
2026-05-29 13:55:13.015,0,0,0.0,0.000000,0.000000,00:00:00
2026-05-29 13:55:13.121,0,0,0.0,0.000000,0.000000,00:00:00
2026-05-29 13:55:13.24,0,0,0.0,0.000000,0.000000,00:00:00
2026-05-29 13:55:13.327,0,0,0.0,0.000000,0.000000,00:00:00
2026-05-29 13:55:13.433,0,0,0.0,0.000000,0.000000,00:00:00
2026-05-29 13:55:13.547,0,0,0.0,0.000000,0.000000,00:00:00
2026-05-29 13:55:13.638,0,0,0.0,0.000000,0.000000,00:00:00
2026-05-29 13:55:13.727,0,0,0.0,0.000000,0.000000,00:00:00
2026-05-29 13:55:13.829,0,0,0.0,0.000000,0.000000,00:00:00
2026-05-29 13:55:13.934,0,0,0.0,0.000000,0.000000,00:00:00
2026-05-29 13:55:14.014,0,0,0.0,0.000000,0.000000,00:00:00
2026-05-29 13:55:14.115,0,0,0.0,0.000000,0.000000,00:00:00
2026-05-29 13:55:14.216,0,0,0.0,0.000000,0.000000,00:00:00
2026-05-29 13:55:14.318,0,0,0.0,0.000000,0.000000,00:00:00
2026-05-29 13:55:14.42,0,0,0.0,0.000000,0.000000,00:00:00
2026-05-29 13:55:14.53,0,0,0.0,0.000000,0.000000,00:00:00
2026-05-29 13:55:14.633,0,0,0.0,0.000000,0.000000,00:00:00
2026-05-29 13:55:14.72,0,0,0.0,0.000000,0.000000,00:00:00
2026-05-29 13:55:14.824,0,0,0.0,0.000000,0.000000,00:00:00
2026-05-29 13:55:14.939,0,0,0.0,0.000000,0.000000,00:00:00
2026-05-29 13:55:15.084,0,0,0.0,0.000000,0.000000,00:00:00
2026-05-29 13:55:15.133,0,0,0.0,0.000000,0.000000,00:00:00
2026-05-29 13:55:15.239,0,0,0.0,0.000000,0.000000,00:00:00
2026-05-29 13:55:15.315,0,0,0.0,0.000000,0.000000,00:00:00
2026-05-29 13:55:15.416,0,0,0.0,0.000000,0.000000,00:00:00
2026-05-29 13:55:15.519,0,0,0.0,0.000000,0.000000,00:00:00
2026-05-29 13:55:15.623,0,0,0.0,0.000000,0.000000,00:00:00
2026-05-29 13:55:15.729,0,0,0.0,0.000000,0.000000,00:00:00
2026-05-29 13:55:15.83,0,0,0.0,0.000000,0.000000,00:00:00
2026-05-29 13:55:15.924,0,0,0.0,0.000000,0.000000,00:00:00
2026-05-29 13:55:16.024,0,0,0.0,0.000000,0.000000,00:00:00
2026-05-29 13:55:16.126,0,0,0.0,0.000000,0.000000,00:00:00
2026-05-29 13:55:16.214,0,0,0.0,0.000000,0.000000,00:00:00
2026-05-29 13:55:16.335,0,0,0.0,0.000000,0.000000,00:00:00
2026-05-29 13:55:16.438,0,0,0.0,0.000000,0.000000,00:00:00
2026-05-29 13:55:16.514,0,0,0.0,0.000000,0.000000,00:00:00
2026-05-29 13:55:16.617,0,0,0.0,0.000000,0.000000,00:00:00
2026-05-29 13:55:16.719,0,0,0.0,0.000000,0.000000,00:00:00
2026-05-29 13:55:16.823,0,0,0.0,0.000000,0.000000,00:00:00
2026-05-29 13:55:16.928,0,0,0.0,0.000000,0.000000,00:00:00
2026-05-29 13:55:17.026,0,0,0.0,0.000000,0.000000,00:00:00
2026-05-29 13:55:17.13,0,0,0.0,0.000000,0.000000,00:00:00
2026-05-29 13:55:17.235,0,0,0.0,0.000000,0.000000,00:00:00
2026-05-29 13:55:17.333,0,0,0.0,0.000000,0.000000,00:00:00
2026-05-29 13:55:17.419,0,0,0.0,0.000000,0.000000,00:00:00
2026-05-29 13:55:17.524,0,0,0.0,0.000000,0.000000,00:00:00
2026-05-29 13:55:17.618,0,0,0.0,0.000000,0.000000,00:00:00
2026-05-29 13:55:17.722,0,0,0.0,0.000000,0.000000,00:00:00
2026-05-29 13:55:17.825,0,0,0.0,0.000000,0.000000,00:00:00
2026-05-29 13:55:17.926,0,0,0.0,0.000000,0.000000,00:00:00
2026-05-29 13:55:18.03,0,0,0.0,0.000000,0.000000,00:00:00
2026-05-29 13:55:18.132,0,0,0.0,0.000000,0.000000,00:00:00
2026-05-29 13:55:18.237,0,0,0.0,0.000000,0.000000,00:00:00
2026-05-29 13:55:18.318,0,0,0.0,0.000000,0.000000,00:00:00
2026-05-29 13:55:18.421,0,0,0.0,0.000000,0.000000,00:00:00
2026-05-29 13:55:18.524,0,0,0.0,0.000000,0.000000,00:00:00
2026-05-29 13:55:18.635,0,0,0.0,0.000000,0.000000,00:00:00
2026-05-29 13:55:18.737,0,0,0.0,0.000000,0.000000,00:00:00
2026-05-29 13:55:18.819,0,0,0.0,0.000000,0.000000,00:00:00
2026-05-29 13:55:18.928,0,0,0.0,0.000000,0.000000,00:00:00
2026-05-29 13:55:19.029,0,0,0.0,0.000000,0.000000,00:00:00
2026-05-29 13:55:19.13,0,0,0.0,0.000000,0.000000,00:00:00
2026-05-29 13:55:19.231,0,0,0.0,0.000000,0.000000,00:00:00
2026-05-29 13:55:19.332,0,0,0.0,0.000000,0.000000,00:00:00
2026-05-29 13:55:19.433,0,0,0.0,0.000000,0.000000,00:00:00
2026-05-29 13:55:19.539,0,0,0.0,0.000000,0.000000,00:00:00
2026-05-29 13:55:19.617,0,0,0.0,0.000000,0.000000,00:00:00
2026-05-29 13:55:19.718,0,0,0.0,0.000000,0.000000,00:00:00
2026-05-29 13:55:19.819,0,0,0.0,0.000000,0.000000,00:00:00
2026-05-29 13:55:19.916,0,0,0.0,0.000000,0.000000,00:00:00
2026-05-29 13:55:20.095,0,0,0.0,0.000000,0.000000,00:00:00
2026-05-29 13:55:20.128,0,0,0.0,0.000000,0.000000,00:00:00
2026-05-29 13:55:20.235,0,0,0.0,0.000000,0.000000,00:00:00
2026-05-29 13:55:20.327,0,0,0.0,0.000000,0.000000,00:00:00
2026-05-29 13:55:20.435,0,0,0.0,0.000000,0.000000,00:00:00
2026-05-29 13:55:20.538,0,0,0.0,0.000000,0.000000,00:00:00
2026-05-29 13:55:20.616,0,0,0.0,0.000000,0.000000,00:00:00
2026-05-29 13:55:20.718,0,0,0.0,0.000000,0.000000,00:00:00
2026-05-29 13:55:20.833,0,0,0.0,0.000000,0.000000,00:00:00
2026-05-29 13:55:20.917,0,0,0.0,0.000000,0.000000,00:00:00
2026-05-29 13:55:21.02,0,0,0.0,0.000000,0.000000,00:00:00
2026-05-29 13:55:21.123,0,0,0.0,0.000000,0.000000,00:00:00
2026-05-29 13:55:21.224,0,0,0.0,0.000000,0.000000,00:00:00
2026-05-29 13:55:21.325,0,0,0.0,0.000000,0.000000,00:00:00
2026-05-29 13:55:21.414,0,0,0.0,0.000000,0.000000,00:00:00
2026-05-29 13:55:21.515,0,0,0.0,0.000000,0.000000,00:00:00
2026-05-29 13:55:21.636,0,0,0.0,0.000000,0.000000,00:00:00
2026-05-29 13:55:21.721,0,0,0.0,0.000000,0.000000,00:00:00
2026-05-29 13:55:21.823,0,0,0.0,0.000000,0.000000,00:00:00
2026-05-29 13:55:21.924,0,0,0.0,0.000000,0.000000,00:00:00
2026-05-29 13:55:22.028,0,0,0.0,0.000000,0.000000,00:00:00
2026-05-29 13:55:22.114,0,0,0.0,0.000000,0.000000,00:00:00
2026-05-29 13:55:22.223,0,0,0.0,0.000000,0.000000,00:00:00
2026-05-29 13:55:22.323,0,0,0.0,0.000000,0.000000,00:00:00
2026-05-29 13:55:22.417,0,0,0.0,0.000000,0.000000,00:00:00
2026-05-29 13:55:22.528,0,0,0.0,0.000000,0.000000,00:00:00
2026-05-29 13:55:22.629,0,0,0.0,0.000000,0.000000,00:00:00
2026-05-29 13:55:22.738,0,0,0.0,0.000000,0.000000,00:00:00
2026-05-29 13:55:22.817,0,0,0.0,0.000000,0.000000,00:00:00
2026-05-29 13:55:22.921,0,0,0.0,0.000000,0.000000,00:00:00
2026-05-29 13:55:23.024,0,0,0.0,0.000000,0.000000,00:00:00
2026-05-29 13:55:23.125,0,0,0.0,0.000000,0.000000,00:00:00
2026-05-29 13:55:23.215,0,0,0.0,0.000000,0.000000,00:00:00
2026-05-29 13:55:23.317,0,0,0.0,0.000000,0.000000,00:00:00
2026-05-29 13:55:23.417,0,0,0.0,0.000000,0.000000,00:00:00
2026-05-29 13:55:23.52,0,0,0.0,0.000000,0.000000,00:00:00
2026-05-29 13:55:23.621,0,0,0.0,0.000000,0.000000,00:00:00
2026-05-29 13:55:23.723,0,0,0.0,0.000000,0.000000,00:00:00
2026-05-29 13:55:23.824,0,0,0.0,0.000000,0.000000,00:00:00
2026-05-29 13:55:23.925,0,0,0.0,0.000000,0.000000,00:00:00
2026-05-29 13:55:24.015,0,0,0.0,0.000000,0.000000,00:00:00
2026-05-29 13:55:24.116,0,0,0.0,0.000000,0.000000,00:00:00
2026-05-29 13:55:24.218,0,0,0.0,0.000000,0.000000,00:00:00
2026-05-29 13:55:24.326,0,0,0.0,0.000000,0.000000,00:00:00
2026-05-29 13:55:24.431,0,0,0.0,0.000000,0.000000,00:00:00
2026-05-29 13:55:24.532,0,0,0.0,0.000000,0.000000,00:00:00
2026-05-29 13:55:24.634,0,0,0.0,0.000000,0.000000,00:00:00
2026-05-29 13:55:24.721,0,0,0.0,0.000000,0.000000,00:00:00
2026-05-29 13:55:24.826,0,0,0.0,0.000000,0.000000,00:00:00
2026-05-29 13:55:24.921,0,0,0.0,0.000000,0.000000,00:00:00
2026-05-29 13:55:25.097,0,0,0.0,0.000000,0.000000,00:00:00
2026-05-29 13:55:25.123,0,0,0.0,0.000000,0.000000,00:00:00
2026-05-29 13:55:25.227,0,0,0.0,0.000000,0.000000,00:00:00
2026-05-29 13:55:25.314,0,0,0.0,0.000000,0.000000,00:00:00
2026-05-29 13:55:25.419,0,0,0.0,0.000000,0.000000,00:00:00
2026-05-29 13:55:25.53,0,0,0.0,0.000000,0.000000,00:00:00
2026-05-29 13:55:25.634,0,0,0.0,0.000000,0.000000,00:00:00
2026-05-29 13:55:25.735,0,0,0.0,0.000000,0.000000,00:00:00
2026-05-29 13:55:25.83,0,0,0.0,0.000000,0.000000,00:00:00
2026-05-29 13:55:25.938,0,0,0.0,0.000000,0.000000,00:00:00
2026-05-29 13:55:26.017,0,0,0.0,0.000000,0.000000,00:00:00
2026-05-29 13:55:26.119,0,0,0.0,0.000000,0.000000,00:00:00
2026-05-29 13:55:26.22,0,0,0.0,0.000000,0.000000,00:00:00
2026-05-29 13:55:26.322,0,0,0.0,0.000000,0.000000,00:00:00
2026-05-29 13:55:26.435,0,0,0.0,0.000000,0.000000,00:00:00
2026-05-29 13:55:26.518,0,0,0.0,0.000000,0.000000,00:00:00
2026-05-29 13:55:26.619,0,0,0.0,0.000000,0.000000,00:00:00
2026-05-29 13:55:26.72,0,0,0.0,0.000000,0.000000,00:00:00
2026-05-29 13:55:26.82,0,0,0.0,0.000000,0.000000,00:00:00
2026-05-29 13:55:26.916,0,0,0.0,0.000000,0.000000,00:00:00
2026-05-29 13:55:27.017,0,0,0.0,0.000000,0.000000,00:00:00
2026-05-29 13:55:27.119,0,0,0.0,0.000000,0.000000,00:00:00
2026-05-29 13:55:27.234,0,0,0.0,0.000000,0.000000,00:00:00
2026-05-29 13:55:27.316,0,0,0.0,0.000000,0.000000,00:00:00
2026-05-29 13:55:27.418,0,0,0.0,0.000000,0.000000,00:00:00
2026-05-29 13:55:27.522,0,0,0.0,0.000000,0.000000,00:00:00
2026-05-29 13:55:27.619,0,0,0.0,0.000000,0.000000,00:00:00
2026-05-29 13:55:27.731,0,0,0.0,0.000000,0.000000,00:00:00
2026-05-29 13:55:27.836,0,0,0.0,0.000000,0.000000,00:00:00
2026-05-29 13:55:27.938,0,0,0.0,0.000000,0.000000,00:00:00
2026-05-29 13:55:28.03,0,0,0.0,0.000000,0.000000,00:00:00
2026-05-29 13:55:28.12,0,0,0.0,0.000000,0.000000,00:00:00
2026-05-29 13:55:28.221,0,0,0.0,0.000000,0.000000,00:00:00
2026-05-29 13:55:28.322,0,0,0.0,0.000000,0.000000,00:00:00
2026-05-29 13:55:28.424,0,0,0.0,0.000000,0.000000,00:00:00
2026-05-29 13:55:28.526,0,0,0.0,0.000000,0.000000,00:00:00
2026-05-29 13:55:28.628,0,0,0.0,0.000000,0.000000,00:00:00
2026-05-29 13:55:28.719,0,0,0.0,0.000000,0.000000,00:00:00
2026-05-29 13:55:28.824,0,0,0.0,0.000000,0.000000,00:00:00
2026-05-29 13:55:28.926,0,0,0.0,0.000000,0.000000,00:00:00
2026-05-29 13:55:29.034,0,0,0.0,0.000000,0.000000,00:00:00
2026-05-29 13:55:29.136,0,0,0.0,0.000000,0.000000,00:00:00
2026-05-29 13:55:29.219,0,0,0.0,0.000000,0.000000,00:00:00
2026-05-29 13:55:29.32,0,0,0.0,0.000000,0.000000,00:00:00
2026-05-29 13:55:29.435,0,0,0.0,0.000000,0.000000,00:00:00
2026-05-29 13:55:29.535,0,0,0.0,0.000000,0.000000,00:00:00
2026-05-29 13:55:29.616,0,0,0.0,0.000000,0.000000,00:00:00
2026-05-29 13:55:29.719,0,0,0.0,0.000000,0.000000,00:00:00
2026-05-29 13:55:29.825,0,0,0.0,0.000000,0.000000,00:00:00
2026-05-29 13:55:29.918,0,0,0.0,0.000000,0.000000,00:00:00
2026-05-29 13:55:30.099,0,0,0.0,0.000000,0.000000,00:00:00
2026-05-29 13:55:30.124,0,0,0.0,0.000000,0.000000,00:00:00
2026-05-29 13:55:30.225,0,0,0.0,0.000000,0.000000,00:00:00
2026-05-29 13:55:30.336,0,0,0.0,0.000000,0.000000,00:00:00
2026-05-29 13:55:30.415,0,0,0.0,0.000000,0.000000,00:00:00
2026-05-29 13:55:30.516,0,0,0.0,0.000000,0.000000,00:00:00
2026-05-29 13:55:30.621,0,0,0.0,0.000000,0.000000,00:00:00
2026-05-29 13:55:30.734,0,0,0.0,0.000000,0.000000,00:00:00
2026-05-29 13:55:30.837,0,0,0.0,0.000000,0.000000,00:00:00
2026-05-29 13:55:30.915,0,0,0.0,0.000000,0.000000,00:00:00
2026-05-29 13:55:31.017,0,0,0.0,0.000000,0.000000,00:00:00
2026-05-29 13:55:31.119,0,0,0.0,0.000000,0.000000,00:00:00
2026-05-29 13:55:31.224,0,0,0.0,0.000000,0.000000,00:00:00
2026-05-29 13:55:31.322,0,0,0.0,0.000000,0.000000,00:00:00
2026-05-29 13:55:31.426,0,0,0.0,0.000000,0.000000,00:00:00
2026-05-29 13:55:31.529,0,0,0.0,0.000000,0.000000,00:00:00
2026-05-29 13:55:31.641,0,0,0.0,0.000000,0.000000,00:00:00
2026-05-29 13:55:31.722,0,0,0.0,0.000000,0.000000,00:00:00
2026-05-29 13:55:31.824,0,0,0.0,0.000000,0.000000,00:00:00
2026-05-29 13:55:31.925,0,0,0.0,0.000000,0.000000,00:00:00
2026-05-29 13:55:32.034,0,0,0.0,0.000000,0.000000,00:00:00
2026-05-29 13:55:32.135,0,0,0.0,0.000000,0.000000,00:00:00
2026-05-29 13:55:32.236,0,0,0.0,0.000000,0.000000,00:00:00
2026-05-29 13:55:32.339,0,0,0.0,0.000000,0.000000,00:00:00
2026-05-29 13:55:32.425,0,0,0.0,0.000000,0.000000,00:00:00
2026-05-29 13:55:32.526,0,0,0.0,0.000000,0.000000,00:00:00
2026-05-29 13:55:32.63,0,0,0.0,0.000000,0.000000,00:00:00
2026-05-29 13:55:32.734,0,0,0.0,0.000000,0.000000,00:00:00
2026-05-29 13:55:32.819,0,0,0.0,0.000000,0.000000,00:00:00
2026-05-29 13:55:32.927,0,0,0.0,0.000000,0.000000,00:00:00
2026-05-29 13:55:33.028,0,0,0.0,0.000000,0.000000,00:00:00
2026-05-29 13:55:33.123,0,0,0.0,0.000000,0.000000,00:00:00
2026-05-29 13:55:33.227,0,0,0.0,0.000000,0.000000,00:00:00
2026-05-29 13:55:33.339,0,0,0.0,0.000000,0.000000,00:00:00
2026-05-29 13:55:33.415,0,0,0.0,0.000000,0.000000,00:00:00
2026-05-29 13:55:33.516,0,0,0.0,0.000000,0.000000,00:00:00
2026-05-29 13:55:33.62,0,0,0.0,0.000000,0.000000,00:00:00
2026-05-29 13:55:33.722,0,0,0.0,0.000000,0.000000,00:00:00
2026-05-29 13:55:33.823,0,0,0.0,0.000000,0.000000,00:00:00
2026-05-29 13:55:33.926,0,0,0.0,0.000000,0.000000,00:00:00
2026-05-29 13:55:34.03,0,0,0.0,0.000000,0.000000,00:00:00
2026-05-29 13:55:34.134,0,0,0.0,0.000000,0.000000,00:00:00
2026-05-29 13:55:34.223,0,0,0.0,0.000000,0.000000,00:00:00
2026-05-29 13:55:34.324,0,0,0.0,0.000000,0.000000,00:00:00
2026-05-29 13:55:34.428,0,0,0.0,0.000000,0.000000,00:00:00
2026-05-29 13:55:34.529,0,0,0.0,0.000000,0.000000,00:00:00
2026-05-29 13:55:34.618,0,0,0.0,0.000000,0.000000,00:00:00
2026-05-29 13:55:34.719,0,0,0.0,0.000000,0.000000,00:00:00
2026-05-29 13:55:34.823,0,0,0.0,0.000000,0.000000,00:00:00
2026-05-29 13:55:34.945,0,0,0.0,0.000000,0.000000,00:00:00
2026-05-29 13:55:35.101,0,0,0.0,0.000000,0.000000,00:00:00
2026-05-29 13:55:35.116,0,0,0.0,0.000000,0.000000,00:00:00
2026-05-29 13:55:35.22,0,0,0.0,0.000000,0.000000,00:00:00
2026-05-29 13:55:35.322,0,0,0.0,0.000000,0.000000,00:00:00
2026-05-29 13:55:35.423,0,0,0.0,0.000000,0.000000,00:00:00
2026-05-29 13:55:35.537,0,0,0.0,0.000000,0.000000,00:00:00
2026-05-29 13:55:35.618,0,0,0.0,0.000000,0.000000,00:00:00
2026-05-29 13:55:35.72,0,0,0.0,0.000000,0.000000,00:00:00
2026-05-29 13:55:35.821,0,0,0.0,0.000000,0.000000,00:00:00
2026-05-29 13:55:35.932,0,0,0.0,0.000000,0.000000,00:00:00
2026-05-29 13:55:36.035,0,0,0.0,0.000000,0.000000,00:00:00
2026-05-29 13:55:36.115,0,0,0.0,0.000000,0.000000,00:00:00
2026-05-29 13:55:36.218,0,0,0.0,0.000000,0.000000,00:00:00
2026-05-29 13:55:36.319,0,0,0.0,0.000000,0.000000,00:00:00
2026-05-29 13:55:36.424,0,0,0.0,0.000000,0.000000,00:00:00
2026-05-29 13:55:36.525,0,0,0.0,0.000000,0.000000,00:00:00
2026-05-29 13:55:36.628,0,0,0.0,0.000000,0.000000,00:00:00
2026-05-29 13:55:36.729,0,0,0.0,0.000000,0.000000,00:00:00
2026-05-29 13:55:36.838,0,0,0.0,0.000000,0.000000,00:00:00
2026-05-29 13:55:36.919,0,0,0.0,0.000000,0.000000,00:00:00
2026-05-29 13:55:37.02,0,0,0.0,0.000000,0.000000,00:00:00
2026-05-29 13:55:37.122,0,0,0.0,0.000000,0.000000,00:00:00
2026-05-29 13:55:37.238,0,0,0.0,0.000000,0.000000,00:00:00
2026-05-29 13:55:37.339,0,0,0.0,0.000000,0.000000,00:00:00
2026-05-29 13:55:37.435,0,0,0.0,0.000000,0.000000,00:00:00
2026-05-29 13:55:37.536,0,0,0.0,0.000000,0.000000,00:00:00
2026-05-29 13:55:37.638,0,0,0.0,0.000000,0.000000,00:00:00
2026-05-29 13:55:37.739,0,0,0.0,0.000000,0.000000,00:00:00
2026-05-29 13:55:37.815,0,0,0.0,0.000000,0.000000,00:00:00
2026-05-29 13:55:37.916,0,0,0.0,0.000000,0.000000,00:00:00
2026-05-29 13:55:38.021,0,0,0.0,0.000000,0.000000,00:00:00
2026-05-29 13:55:38.122,0,0,0.0,0.000000,0.000000,00:00:00
2026-05-29 13:55:38.237,0,0,0.0,0.000000,0.000000,00:00:00
2026-05-29 13:55:38.32,0,0,0.0,0.000000,0.000000,00:00:00
2026-05-29 13:55:38.424,0,0,0.0,0.000000,0.000000,00:00:00
2026-05-29 13:55:38.525,0,0,0.0,0.000000,0.000000,00:00:00
2026-05-29 13:55:38.63,0,0,0.0,0.000000,0.000000,00:00:00
2026-05-29 13:55:38.716,0,0,0.0,0.000000,0.000000,00:00:00
2026-05-29 13:55:38.821,0,0,0.0,0.000000,0.000000,00:00:00
2026-05-29 13:55:38.922,0,0,0.0,0.000000,0.000000,00:00:00
2026-05-29 13:55:39.024,0,0,0.0,0.000000,0.000000,00:00:00
2026-05-29 13:55:39.126,0,0,0.0,0.000000,0.000000,00:00:00
2026-05-29 13:55:39.23,0,0,0.0,0.000000,0.000000,00:00:00
2026-05-29 13:55:39.333,0,0,0.0,0.000000,0.000000,00:00:00
2026-05-29 13:55:39.426,0,0,0.0,0.000000,0.000000,00:00:00
2026-05-29 13:55:39.518,0,0,0.0,0.000000,0.000000,00:00:00
2026-05-29 13:55:39.621,0,0,0.0,0.000000,0.000000,00:00:00
2026-05-29 13:55:39.725,0,0,0.0,0.000000,0.000000,00:00:00
2026-05-29 13:55:39.815,0,0,0.0,0.000000,0.000000,00:00:00
2026-05-29 13:55:39.916,0,0,0.0,0.000000,0.000000,00:00:00
2026-05-29 13:55:40.107,0,0,0.0,0.000000,0.000000,00:00:00
2026-05-29 13:55:40.133,0,0,0.0,0.000000,0.000000,00:00:00
2026-05-29 13:55:40.236,0,0,0.0,0.000000,0.000000,00:00:00
2026-05-29 13:55:40.339,0,0,0.0,0.000000,0.000000,00:00:00
2026-05-29 13:55:40.42,0,0,0.0,0.000000,0.000000,00:00:00
2026-05-29 13:55:40.517,0,0,0.0,0.000000,0.000000,00:00:00
2026-05-29 13:55:40.624,0,0,0.0,0.000000,0.000000,00:00:00
2026-05-29 13:55:40.76,0,0,0.0,0.000000,0.000000,00:00:00
2026-05-29 13:55:40.82,0,0,0.0,0.000000,0.000000,00:00:00
2026-05-29 13:55:40.923,0,0,0.0,0.000000,0.000000,00:00:00
2026-05-29 13:55:41.024,0,0,0.0,0.000000,0.000000,00:00:00
2026-05-29 13:55:41.125,0,0,0.0,0.000000,0.000000,00:00:00
2026-05-29 13:55:41.215,0,0,0.0,0.000000,0.000000,00:00:00
2026-05-29 13:55:41.327,0,0,0.0,0.000000,0.000000,00:00:00
2026-05-29 13:55:41.429,0,0,0.0,0.000000,0.000000,00:00:00
2026-05-29 13:55:41.53,0,0,0.0,0.000000,0.000000,00:00:00
2026-05-29 13:55:41.632,0,0,0.0,0.000000,0.000000,00:00:00
2026-05-29 13:55:41.734,0,0,0.0,0.000000,0.000000,00:00:00
2026-05-29 13:55:41.835,0,0,0.0,0.000000,0.000000,00:00:00
2026-05-29 13:55:41.938,0,0,0.0,0.000000,0.000000,00:00:00
2026-05-29 13:55:42.029,0,0,0.0,0.000000,0.000000,00:00:00
2026-05-29 13:55:42.116,0,0,0.0,0.000000,0.000000,00:00:00
2026-05-29 13:55:42.218,0,0,0.0,0.000000,0.000000,00:00:00
2026-05-29 13:55:42.315,0,0,0.0,0.000000,0.000000,00:00:00
2026-05-29 13:55:42.418,0,0,0.0,0.000000,0.000000,00:00:00
2026-05-29 13:55:42.532,0,0,0.0,0.000000,0.000000,00:00:00
2026-05-29 13:55:42.634,0,0,0.0,0.000000,0.000000,00:00:00
2026-05-29 13:55:42.719,0,0,0.0,0.000000,0.000000,00:00:00
2026-05-29 13:55:42.822,0,0,0.0,0.000000,0.000000,00:00:00
2026-05-29 13:55:42.924,0,0,0.0,0.000000,0.000000,00:00:00
2026-05-29 13:55:43.025,0,0,0.0,0.000000,0.000000,00:00:00
2026-05-29 13:55:43.137,0,0,0.0,0.000000,0.000000,00:00:00
2026-05-29 13:55:43.218,0,0,0.0,0.000000,0.000000,00:00:00
2026-05-29 13:55:43.322,0,0,0.0,0.000000,0.000000,00:00:00
2026-05-29 13:55:43.416,0,0,0.0,0.000000,0.000000,00:00:00
2026-05-29 13:55:43.517,0,0,0.0,0.000000,0.000000,00:00:00
2026-05-29 13:55:43.621,0,0,0.0,0.000000,0.000000,00:00:00
2026-05-29 13:55:43.724,0,0,0.0,0.000000,0.000000,00:00:00
2026-05-29 13:55:43.815,0,0,0.0,0.000000,0.000000,00:00:00
2026-05-29 13:55:43.917,0,0,0.0,0.000000,0.000000,00:00:00
2026-05-29 13:55:44.02,0,0,0.0,0.000000,0.000000,00:00:00
2026-05-29 13:55:44.122,0,0,0.0,0.000000,0.000000,00:00:00
2026-05-29 13:55:44.22,0,0,0.0,0.000000,0.000000,00:00:00
2026-05-29 13:55:44.32,0,0,0.0,0.000000,0.000000,00:00:00
2026-05-29 13:55:44.424,0,0,0.0,0.000000,0.000000,00:00:00
2026-05-29 13:55:44.543,0,0,0.0,0.000000,0.000000,00:00:00
2026-05-29 13:55:44.619,0,0,0.0,0.000000,0.000000,00:00:00
2026-05-29 13:55:44.728,0,0,0.0,0.000000,0.000000,00:00:00
2026-05-29 13:55:44.834,0,0,0.0,0.000000,0.000000,00:00:00
2026-05-29 13:55:44.918,0,0,0.0,0.000000,0.000000,00:00:00
2026-05-29 13:55:45.107,0,0,0.0,0.000000,0.000000,00:00:00
2026-05-29 13:55:45.115,0,0,0.0,0.000000,0.000000,00:00:00
2026-05-29 13:55:45.223,0,0,0.0,0.000000,0.000000,00:00:00
2026-05-29 13:55:45.316,0,0,0.0,0.000000,0.000000,00:00:00
2026-05-29 13:55:45.418,0,0,0.0,0.000000,0.000000,00:00:00
2026-05-29 13:55:45.519,0,0,0.0,0.000000,0.000000,00:00:00
2026-05-29 13:55:45.626,0,0,0.0,0.000000,0.000000,00:00:00
2026-05-29 13:55:45.728,0,0,0.0,0.000000,0.000000,00:00:00
2026-05-29 13:55:45.829,0,0,0.0,0.000000,0.000000,00:00:00
2026-05-29 13:55:45.93,0,0,0.0,0.000000,0.000000,00:00:00
2026-05-29 13:55:46.03,0,0,0.0,0.000000,0.000000,00:00:00
2026-05-29 13:55:46.131,0,0,0.0,0.000000,0.000000,00:00:00
2026-05-29 13:55:46.234,0,0,0.0,0.000000,0.000000,00:00:00
2026-05-29 13:55:46.335,0,0,0.0,0.000000,0.000000,00:00:00
2026-05-29 13:55:46.427,0,0,0.0,0.000000,0.000000,00:00:00
2026-05-29 13:55:46.532,0,0,0.0,0.000000,0.000000,00:00:00
2026-05-29 13:55:46.635,0,0,0.0,0.000000,0.000000,00:00:00
2026-05-29 13:55:46.718,0,0,0.0,0.000000,0.000000,00:00:00
2026-05-29 13:55:46.829,0,0,0.0,0.000000,0.000000,00:00:00
2026-05-29 13:55:46.931,0,0,0.0,0.000000,0.000000,00:00:00
2026-05-29 13:55:47.033,0,0,0.0,0.000000,0.000000,00:00:00
2026-05-29 13:55:47.12,0,0,0.0,0.000000,0.000000,00:00:00
2026-05-29 13:55:47.224,0,0,0.0,0.000000,0.000000,00:00:00
2026-05-29 13:55:47.315,0,0,0.0,0.000000,0.000000,00:00:00
2026-05-29 13:55:47.422,0,0,0.0,0.000000,0.000000,00:00:00
2026-05-29 13:55:47.534,0,0,0.0,0.000000,0.000000,00:00:00
2026-05-29 13:55:47.638,0,0,0.0,0.000000,0.000000,00:00:00
2026-05-29 13:55:47.724,0,0,0.0,0.000000,0.000000,00:00:00
2026-05-29 13:55:47.824,0,0,0.0,0.000000,0.000000,00:00:00
2026-05-29 13:55:47.927,0,0,0.0,0.000000,0.000000,00:00:00
2026-05-29 13:55:48.031,0,0,0.0,0.000000,0.000000,00:00:00
2026-05-29 13:55:48.135,0,0,0.0,0.000000,0.000000,00:00:00
2026-05-29 13:55:48.222,0,0,0.0,0.000000,0.000000,00:00:00
2026-05-29 13:55:48.326,0,0,0.0,0.000000,0.000000,00:00:00
2026-05-29 13:55:48.432,0,0,0.0,0.000000,0.000000,00:00:00
2026-05-29 13:55:48.532,0,0,0.0,0.000000,0.000000,00:00:00
2026-05-29 13:55:48.624,0,0,0.0,0.000000,0.000000,00:00:00
2026-05-29 13:55:48.725,0,0,0.0,0.000000,0.000000,00:00:00
2026-05-29 13:55:48.83,0,0,0.0,0.000000,0.000000,00:00:00
2026-05-29 13:55:48.918,0,0,0.0,0.000000,0.000000,00:00:00
2026-05-29 13:55:49.029,0,0,0.0,0.000000,0.000000,00:00:00
2026-05-29 13:55:49.134,0,0,0.0,0.000000,0.000000,00:00:00
2026-05-29 13:55:49.237,0,0,0.0,0.000000,0.000000,00:00:00
2026-05-29 13:55:49.317,0,0,0.0,0.000000,0.000000,00:00:00
2026-05-29 13:55:49.418,0,0,0.0,0.000000,0.000000,00:00:00
2026-05-29 13:55:49.519,0,0,0.0,0.000000,0.000000,00:00:00
2026-05-29 13:55:49.625,0,0,0.0,0.000000,0.000000,00:00:00
2026-05-29 13:55:49.729,0,0,0.0,0.000000,0.000000,00:00:00
2026-05-29 13:55:49.83,0,0,0.0,0.000000,0.000000,00:00:00
2026-05-29 13:55:49.92,0,0,0.0,0.000000,0.000000,00:00:00
2026-05-29 13:55:50.101,0,0,0.0,0.000000,0.000000,00:00:00
2026-05-29 13:55:50.124,0,0,0.0,0.000000,0.000000,00:00:00
2026-05-29 13:55:50.226,0,0,0.0,0.000000,0.000000,00:00:00
2026-05-29 13:55:50.321,0,0,0.0,0.000000,0.000000,00:00:00
2026-05-29 13:55:50.417,0,0,0.0,0.000000,0.000000,00:00:00
2026-05-29 13:55:50.519,0,0,0.0,0.000000,0.000000,00:00:00
2026-05-29 13:55:50.62,0,0,0.0,0.000000,0.000000,00:00:00
2026-05-29 13:55:50.723,0,0,0.0,0.000000,0.000000,00:00:00
2026-05-29 13:55:50.819,0,0,0.0,0.000000,0.000000,00:00:00
2026-05-29 13:55:50.923,0,0,0.0,0.000000,0.000000,00:00:00
2026-05-29 13:55:51.026,0,0,0.0,0.000000,0.000000,00:00:00
2026-05-29 13:55:51.128,0,0,0.0,0.000000,0.000000,00:00:00
2026-05-29 13:55:51.218,0,0,0.0,0.000000,0.000000,00:00:00
2026-05-29 13:55:51.319,0,0,0.0,0.000000,0.000000,00:00:00
2026-05-29 13:55:51.422,0,0,0.0,0.000000,0.000000,00:00:00
2026-05-29 13:55:51.528,0,0,0.0,0.000000,0.000000,00:00:00
2026-05-29 13:55:51.618,0,0,0.0,0.000000,0.000000,00:00:00
2026-05-29 13:55:51.72,0,0,0.0,0.000000,0.000000,00:00:00
2026-05-29 13:55:51.827,0,0,0.0,0.000000,0.000000,00:00:00
2026-05-29 13:55:51.93,0,0,0.0,0.000000,0.000000,00:00:00
2026-05-29 13:55:52.034,0,0,0.0,0.000000,0.000000,00:00:00
2026-05-29 13:55:52.135,0,0,0.0,0.000000,0.000000,00:00:00
2026-05-29 13:55:52.223,0,0,0.0,0.000000,0.000000,00:00:00
2026-05-29 13:55:52.324,0,0,0.0,0.000000,0.000000,00:00:00
2026-05-29 13:55:52.428,0,0,0.0,0.000000,0.000000,00:00:00
2026-05-29 13:55:52.518,0,0,0.0,0.000000,0.000000,00:00:00
2026-05-29 13:55:52.625,0,0,0.0,0.000000,0.000000,00:00:00
2026-05-29 13:55:52.727,0,0,0.0,0.000000,0.000000,00:00:00
2026-05-29 13:55:52.848,0,0,0.0,0.000000,0.000000,00:00:00
2026-05-29 13:55:52.962,0,0,0.0,0.000000,0.000000,00:00:00
2026-05-29 13:55:53.02,0,0,0.0,0.000000,0.000000,00:00:00
2026-05-29 13:55:53.122,0,0,0.0,0.000000,0.000000,00:00:00
2026-05-29 13:55:53.226,0,0,0.0,0.000000,0.000000,00:00:00
2026-05-29 13:55:53.329,0,0,0.0,0.000000,0.000000,00:00:00
2026-05-29 13:55:53.42,0,0,0.0,0.000000,0.000000,00:00:00
2026-05-29 13:55:53.521,0,0,0.0,0.000000,0.000000,00:00:00
2026-05-29 13:55:53.626,0,0,0.0,0.000000,0.000000,00:00:00
2026-05-29 13:55:53.719,0,0,0.0,0.000000,0.000000,00:00:00
2026-05-29 13:55:53.854,0,0,0.0,0.000000,0.000000,00:00:00
2026-05-29 13:55:53.929,0,0,0.0,0.000000,0.000000,00:00:00
2026-05-29 13:55:54.035,0,0,0.0,0.000000,0.000000,00:00:00
2026-05-29 13:55:54.119,0,0,0.0,0.000000,0.000000,00:00:00
2026-05-29 13:55:54.223,0,0,0.0,0.000000,0.000000,00:00:00
2026-05-29 13:55:54.324,0,0,0.0,0.000000,0.000000,00:00:00
2026-05-29 13:55:54.428,0,0,0.0,0.000000,0.000000,00:00:00
2026-05-29 13:55:54.531,0,0,0.0,0.000000,0.000000,00:00:00
2026-05-29 13:55:54.633,0,0,0.0,0.000000,0.000000,00:00:00
2026-05-29 13:55:54.737,0,0,0.0,0.000000,0.000000,00:00:00
2026-05-29 13:55:54.819,0,0,0.0,0.000000,0.000000,00:00:00
2026-05-29 13:55:54.92,0,0,0.0,0.000000,0.000000,00:00:00
2026-05-29 13:55:55.085,0,0,0.0,0.000000,0.000000,00:00:00
2026-05-29 13:55:55.118,0,0,0.0,0.000000,0.000000,00:00:00
2026-05-29 13:55:55.219,0,0,0.0,0.000000,0.000000,00:00:00
2026-05-29 13:55:55.32,0,0,0.0,0.000000,0.000000,00:00:00
2026-05-29 13:55:55.422,0,0,0.0,0.000000,0.000000,00:00:00
2026-05-29 13:55:55.533,0,0,0.0,0.000000,0.000000,00:00:00
2026-05-29 13:55:55.623,0,0,0.0,0.000000,0.000000,00:00:00
2026-05-29 13:55:55.724,0,0,0.0,0.000000,0.000000,00:00:00
2026-05-29 13:55:55.825,0,0,0.0,0.000000,0.000000,00:00:00
2026-05-29 13:55:55.934,0,0,0.0,0.000000,0.000000,00:00:00
2026-05-29 13:55:56.018,0,0,0.0,0.000000,0.000000,00:00:00
2026-05-29 13:55:56.12,0,0,0.0,0.000000,0.000000,00:00:00
2026-05-29 13:55:56.221,0,0,0.0,0.000000,0.000000,00:00:00
2026-05-29 13:55:56.324,0,0,0.0,0.000000,0.000000,00:00:00
2026-05-29 13:55:56.416,0,0,0.0,0.000000,0.000000,00:00:00
2026-05-29 13:55:56.518,0,0,0.0,0.000000,0.000000,00:00:00
2026-05-29 13:55:56.621,0,0,0.0,0.000000,0.000000,00:00:00
2026-05-29 13:55:56.726,0,0,0.0,0.000000,0.000000,00:00:00
2026-05-29 13:55:56.837,0,0,0.0,0.000000,0.000000,00:00:00
2026-05-29 13:55:56.939,0,0,0.0,0.000000,0.000000,00:00:00
2026-05-29 13:55:57.028,0,0,0.0,0.000000,0.000000,00:00:00
2026-05-29 13:55:57.13,0,0,0.0,0.000000,0.000000,00:00:00
2026-05-29 13:55:57.234,0,0,0.0,0.000000,0.000000,00:00:00
2026-05-29 13:55:57.335,0,0,0.0,0.000000,0.000000,00:00:00
2026-05-29 13:55:57.434,0,0,0.0,0.000000,0.000000,00:00:00
2026-05-29 13:55:57.52,0,0,0.0,0.000000,0.000000,00:00:00
2026-05-29 13:55:57.626,0,0,0.0,0.000000,0.000000,00:00:00
2026-05-29 13:55:57.737,0,0,0.0,0.000000,0.000000,00:00:00
2026-05-29 13:55:57.818,0,0,0.0,0.000000,0.000000,00:00:00
2026-05-29 13:55:57.926,0,0,0.0,0.000000,0.000000,00:00:00
2026-05-29 13:55:58.035,0,0,0.0,0.000000,0.000000,00:00:00
2026-05-29 13:55:58.126,0,0,0.0,0.000000,0.000000,00:00:00
2026-05-29 13:55:58.216,0,0,0.0,0.000000,0.000000,00:00:00
2026-05-29 13:55:58.318,0,0,0.0,0.000000,0.000000,00:00:00
2026-05-29 13:55:58.421,0,0,0.0,0.000000,0.000000,00:00:00
2026-05-29 13:55:58.53,0,0,0.0,0.000000,0.000000,00:00:00
2026-05-29 13:55:58.632,0,0,0.0,0.000000,0.000000,00:00:00
2026-05-29 13:55:58.735,0,0,0.0,0.000000,0.000000,00:00:00
2026-05-29 13:55:58.839,0,0,0.0,0.000000,0.000000,00:00:00
2026-05-29 13:55:58.919,0,0,0.0,0.000000,0.000000,00:00:00
2026-05-29 13:55:59.022,0,0,0.0,0.000000,0.000000,00:00:00
2026-05-29 13:55:59.124,0,0,0.0,0.000000,0.000000,00:00:00
2026-05-29 13:55:59.226,0,0,0.0,0.000000,0.000000,00:00:00
2026-05-29 13:55:59.327,0,0,0.0,0.000000,0.000000,00:00:00
2026-05-29 13:55:59.432,0,0,0.0,0.000000,0.000000,00:00:00
2026-05-29 13:55:59.538,0,0,0.0,0.000000,0.000000,00:00:00
2026-05-29 13:55:59.618,0,0,0.0,0.000000,0.000000,00:00:00
2026-05-29 13:55:59.719,0,0,0.0,0.000000,0.000000,00:00:00
2026-05-29 13:55:59.821,0,0,0.0,0.000000,0.000000,00:00:00
2026-05-29 13:55:59.923,0,0,0.0,0.000000,0.000000,00:00:00
2026-05-29 13:56:00.097,0,0,0.0,0.000000,0.000000,00:00:00
2026-05-29 13:56:00.122,0,0,0.0,0.000000,0.000000,00:00:00
2026-05-29 13:56:00.224,0,0,0.0,0.000000,0.000000,00:00:00
2026-05-29 13:56:00.33,0,0,0.0,0.000000,0.000000,00:00:00
2026-05-29 13:56:00.422,0,0,0.0,0.000000,0.000000,00:00:00
2026-05-29 13:56:00.532,0,0,0.0,0.000000,0.000000,00:00:00
2026-05-29 13:56:00.634,0,0,0.0,0.000000,0.000000,00:00:00
2026-05-29 13:56:00.729,0,0,0.0,0.000000,0.000000,00:00:00
2026-05-29 13:56:00.826,0,0,0.0,0.000000,0.000000,00:00:00
2026-05-29 13:56:00.928,0,0,0.0,0.000000,0.000000,00:00:00
2026-05-29 13:56:01.029,0,0,0.0,0.000000,0.000000,00:00:00
2026-05-29 13:56:01.131,0,0,0.0,0.000000,0.000000,00:00:00
2026-05-29 13:56:01.235,0,0,0.0,0.000000,0.000000,00:00:00
2026-05-29 13:56:01.336,0,0,0.0,0.000000,0.000000,00:00:00
2026-05-29 13:56:01.419,0,0,0.0,0.000000,0.000000,00:00:00
2026-05-29 13:56:01.52,0,0,0.0,0.000000,0.000000,00:00:00
2026-05-29 13:56:01.638,0,0,0.0,0.000000,0.000000,00:00:00
2026-05-29 13:56:01.717,0,0,0.0,0.000000,0.000000,00:00:00
2026-05-29 13:56:01.826,0,0,0.0,0.000000,0.000000,00:00:00
2026-05-29 13:56:01.927,0,0,0.0,0.000000,0.000000,00:00:00
2026-05-29 13:56:02.031,0,0,0.0,0.000000,0.000000,00:00:00
2026-05-29 13:56:02.119,0,0,0.0,0.000000,0.000000,00:00:00
2026-05-29 13:56:02.22,0,0,0.0,0.000000,0.000000,00:00:00
2026-05-29 13:56:02.321,0,0,0.0,0.000000,0.000000,00:00:00
2026-05-29 13:56:02.434,0,0,0.0,0.000000,0.000000,00:00:00
2026-05-29 13:56:02.522,0,0,0.0,0.000000,0.000000,00:00:00
2026-05-29 13:56:02.623,0,0,0.0,0.000000,0.000000,00:00:00
2026-05-29 13:56:02.727,0,0,0.0,0.000000,0.000000,00:00:00
2026-05-29 13:56:02.831,0,0,0.0,0.000000,0.000000,00:00:00
2026-05-29 13:56:02.92,0,0,0.0,0.000000,0.000000,00:00:00
2026-05-29 13:56:03.016,0,0,0.0,0.000000,0.000000,00:00:00
2026-05-29 13:56:03.118,0,0,0.0,0.000000,0.000000,00:00:00
2026-05-29 13:56:03.225,0,0,0.0,0.000000,0.000000,00:00:00
2026-05-29 13:56:03.323,0,0,0.0,0.000000,0.000000,00:00:00
2026-05-29 13:56:03.436,0,0,0.0,0.000000,0.000000,00:00:00
2026-05-29 13:56:03.537,0,0,0.0,0.000000,0.000000,00:00:00
2026-05-29 13:56:03.619,0,0,0.0,0.000000,0.000000,00:00:00
2026-05-29 13:56:03.717,0,0,0.0,0.000000,0.000000,00:00:00
2026-05-29 13:56:03.82,0,0,0.0,0.000000,0.000000,00:00:00
2026-05-29 13:56:03.925,0,0,0.0,0.000000,0.000000,00:00:00
2026-05-29 13:56:04.031,0,0,0.0,0.000000,0.000000,00:00:00
2026-05-29 13:56:04.132,0,0,0.0,0.000000,0.000000,00:00:00
2026-05-29 13:56:04.234,0,0,0.0,0.000000,0.000000,00:00:00
2026-05-29 13:56:04.34,0,0,0.0,0.000000,0.000000,00:00:00
2026-05-29 13:56:04.417,0,0,0.0,0.000000,0.000000,00:00:00
2026-05-29 13:56:04.522,0,0,0.0,0.000000,0.000000,00:00:00
2026-05-29 13:56:04.624,0,0,0.0,0.000000,0.000000,00:00:00
2026-05-29 13:56:04.725,0,0,0.0,0.000000,0.000000,00:00:00
2026-05-29 13:56:04.829,0,0,0.0,0.000000,0.000000,00:00:00
2026-05-29 13:56:04.93,0,0,0.0,0.000000,0.000000,00:00:00
2026-05-29 13:56:05.104,0,0,0.0,0.000000,0.000000,00:00:00
2026-05-29 13:56:05.135,0,0,0.0,0.000000,0.000000,00:00:00
2026-05-29 13:56:05.224,0,0,0.0,0.000000,0.000000,00:00:00
2026-05-29 13:56:05.326,0,0,0.0,0.000000,0.000000,00:00:00
2026-05-29 13:56:05.426,0,0,0.0,0.000000,0.000000,00:00:00
2026-05-29 13:56:05.531,0,0,0.0,0.000000,0.000000,00:00:00
2026-05-29 13:56:05.635,0,0,0.0,0.000000,0.000000,00:00:00
2026-05-29 13:56:05.719,0,0,0.0,0.000000,0.000000,00:00:00
2026-05-29 13:56:05.82,0,0,0.0,0.000000,0.000000,00:00:00
2026-05-29 13:56:05.922,0,0,0.0,0.000000,0.000000,00:00:00
2026-05-29 13:56:06.035,0,0,0.0,0.000000,0.000000,00:00:00
2026-05-29 13:56:06.138,0,0,0.0,0.000000,0.000000,00:00:00
2026-05-29 13:56:06.24,0,0,0.0,0.000000,0.000000,00:00:00
2026-05-29 13:56:06.316,0,0,0.0,0.000000,0.000000,00:00:00
2026-05-29 13:56:06.421,0,0,0.0,0.000000,0.000000,00:00:00
2026-05-29 13:56:06.522,0,0,0.0,0.000000,0.000000,00:00:00
2026-05-29 13:56:06.626,0,0,0.0,0.000000,0.000000,00:00:00
2026-05-29 13:56:06.73,0,0,0.0,0.000000,0.000000,00:00:00
2026-05-29 13:56:06.836,0,0,0.0,0.000000,0.000000,00:00:00
2026-05-29 13:56:06.946,0,0,0.0,0.000000,0.000000,00:00:00
2026-05-29 13:56:07.023,0,0,0.0,0.000000,0.000000,00:00:00
2026-05-29 13:56:07.124,0,0,0.0,0.000000,0.000000,00:00:00
2026-05-29 13:56:07.228,0,0,0.0,0.000000,0.000000,00:00:00
2026-05-29 13:56:07.33,0,0,0.0,0.000000,0.000000,00:00:00
2026-05-29 13:56:07.432,0,0,0.0,0.000000,0.000000,00:00:00
2026-05-29 13:56:07.518,0,0,0.0,0.000000,0.000000,00:00:00
2026-05-29 13:56:07.625,0,0,0.0,0.000000,0.000000,00:00:00
2026-05-29 13:56:07.725,0,0,0.0,0.000000,0.000000,00:00:00
2026-05-29 13:56:07.826,0,0,0.0,0.000000,0.000000,00:00:00
2026-05-29 13:56:07.927,0,0,0.0,0.000000,0.000000,00:00:00
2026-05-29 13:56:08.033,0,0,0.0,0.000000,0.000000,00:00:00
2026-05-29 13:56:08.13,0,0,0.0,0.000000,0.000000,00:00:00
2026-05-29 13:56:08.235,0,0,0.0,0.000000,0.000000,00:00:00
2026-05-29 13:56:08.338,0,0,0.0,0.000000,0.000000,00:00:00
2026-05-29 13:56:08.422,0,0,0.0,0.000000,0.000000,00:00:00
2026-05-29 13:56:08.524,0,0,0.0,0.000000,0.000000,00:00:00
2026-05-29 13:56:08.619,0,0,0.0,0.000000,0.000000,00:00:00
2026-05-29 13:56:08.72,0,0,0.0,0.000000,0.000000,00:00:00
2026-05-29 13:56:08.826,0,0,0.0,0.000000,0.000000,00:00:00
2026-05-29 13:56:08.928,0,0,0.0,0.000000,0.000000,00:00:00
2026-05-29 13:56:09.029,0,0,0.0,0.000000,0.000000,00:00:00
2026-05-29 13:56:09.131,0,0,0.0,0.000000,0.000000,00:00:00
2026-05-29 13:56:09.218,0,0,0.0,0.000000,0.000000,00:00:00
2026-05-29 13:56:09.319,0,0,0.0,0.000000,0.000000,00:00:00
2026-05-29 13:56:09.42,0,0,0.0,0.000000,0.000000,00:00:00
2026-05-29 13:56:09.54,0,0,0.0,0.000000,0.000000,00:00:00
2026-05-29 13:56:09.62,0,0,0.0,0.000000,0.000000,00:00:00
2026-05-29 13:56:09.722,0,0,0.0,0.000000,0.000000,00:00:00
2026-05-29 13:56:09.824,0,0,0.0,0.000000,0.000000,00:00:00
2026-05-29 13:56:09.921,0,0,0.0,0.000000,0.000000,00:00:00
2026-05-29 13:56:10.105,0,0,0.0,0.000000,0.000000,00:00:00
2026-05-29 13:56:10.12,0,0,0.0,0.000000,0.000000,00:00:00
2026-05-29 13:56:10.221,0,0,0.0,0.000000,0.000000,00:00:00
2026-05-29 13:56:10.323,0,0,0.0,0.000000,0.000000,00:00:00
2026-05-29 13:56:10.426,0,0,0.0,0.000000,0.000000,00:00:00
2026-05-29 13:56:10.528,0,0,0.0,0.000000,0.000000,00:00:00
2026-05-29 13:56:10.631,0,0,0.0,0.000000,0.000000,00:00:00
2026-05-29 13:56:10.721,0,0,0.0,0.000000,0.000000,00:00:00
2026-05-29 13:56:10.837,0,0,0.0,0.000000,0.000000,00:00:00
2026-05-29 13:56:10.939,0,0,0.0,0.000000,0.000000,00:00:00
2026-05-29 13:56:11.023,0,0,0.0,0.000000,0.000000,00:00:00
2026-05-29 13:56:11.128,0,0,0.0,0.000000,0.000000,00:00:00
2026-05-29 13:56:11.219,0,0,0.0,0.000000,0.000000,00:00:00
2026-05-29 13:56:11.335,0,0,0.0,0.000000,0.000000,00:00:00
2026-05-29 13:56:11.417,0,0,0.0,0.000000,0.000000,00:00:00
2026-05-29 13:56:11.523,0,0,0.0,0.000000,0.000000,00:00:00
2026-05-29 13:56:11.628,0,0,0.0,0.000000,0.000000,00:00:00
2026-05-29 13:56:11.721,0,0,0.0,0.000000,0.000000,00:00:00
2026-05-29 13:56:11.822,0,0,0.0,0.000000,0.000000,00:00:00
2026-05-29 13:56:11.923,0,0,0.0,0.000000,0.000000,00:00:00
2026-05-29 13:56:12.032,0,0,0.0,0.000000,0.000000,00:00:00
2026-05-29 13:56:12.13,0,0,0.0,0.000000,0.000000,00:00:00
2026-05-29 13:56:12.256,0,0,0.0,0.000000,0.000000,00:00:00
2026-05-29 13:56:12.332,0,0,0.0,0.000000,0.000000,00:00:00
2026-05-29 13:56:12.436,0,0,0.0,0.000000,0.000000,00:00:00
2026-05-29 13:56:12.519,0,0,0.0,0.000000,0.000000,00:00:00
2026-05-29 13:56:12.621,0,0,0.0,0.000000,0.000000,00:00:00
2026-05-29 13:56:12.721,0,0,0.0,0.000000,0.000000,00:00:00
2026-05-29 13:56:12.818,0,0,0.0,0.000000,0.000000,00:00:00
2026-05-29 13:56:12.919,0,0,0.0,0.000000,0.000000,00:00:00
2026-05-29 13:56:14.956,0,0,0.0,0.000000,0.000000,00:00:00
2026-05-29 13:56:14.957,0,0,0.0,0.000000,0.000000,00:00:00
2026-05-29 13:56:14.958,0,0,0.0,0.000000,0.000000,00:00:00
2026-05-29 13:56:14.961,0,0,0.0,0.000000,0.000000,00:00:00
2026-05-29 13:56:14.97,0,0,0.0,0.000000,0.000000,00:00:00
2026-05-29 13:56:14.971,0,0,0.0,0.000000,0.000000,00:00:00
2026-05-29 13:56:15.005,0,0,0.0,0.000000,0.000000,00:00:00
2026-05-29 13:56:15.006,0,0,0.0,0.000000,0.000000,00:00:00
2026-05-29 13:56:15.026,0,0,0.0,0.000000,0.000000,00:00:00
2026-05-29 13:56:15.027,0,0,0.0,0.000000,0.000000,00:00:00
2026-05-29 13:56:16.506,0,0,0.0,0.000000,0.000000,00:00:00
2026-05-29 13:56:16.507,0,0,0.0,0.000000,0.000000,00:00:00
2026-05-29 13:56:16.522,0,0,0.0,0.000000,0.000000,00:00:00
2026-05-29 13:56:16.524,0,0,0.0,0.000000,0.000000,00:00:00
2026-05-29 13:56:16.525,0,0,0.0,0.000000,0.000000,00:00:00
2026-05-29 13:56:16.526,0,0,0.0,0.000000,0.000000,00:00:00
2026-05-29 13:56:16.527,0,0,0.0,0.000000,0.000000,00:00:00
2026-05-29 13:56:16.532,0,0,0.0,0.000000,0.000000,00:00:00
2026-05-29 13:56:16.533,0,0,0.0,0.000000,0.000000,00:00:00
2026-05-29 13:56:16.552,0,0,0.0,0.000000,0.000000,00:00:00
2026-05-29 13:56:17.627,0,0,0.0,0.000000,0.000000,00:00:00
2026-05-29 13:56:17.629,0,0,0.0,0.000000,0.000000,00:00:00
2026-05-29 13:56:17.654,0,0,0.0,0.000000,0.000000,00:00:00
2026-05-29 13:56:17.655,0,0,0.0,0.000000,0.000000,00:00:00
2026-05-29 13:56:17.664,0,0,0.0,0.000000,0.000000,00:00:00
2026-05-29 13:56:17.665,0,0,0.0,0.000000,0.000000,00:00:00
2026-05-29 13:56:17.666,0,0,0.0,0.000000,0.000000,00:00:00
2026-05-29 13:56:17.667,0,0,0.0,0.000000,0.000000,00:00:00
2026-05-29 13:56:17.669,0,0,0.0,0.000000,0.000000,00:00:00
2026-05-29 13:56:17.674,0,0,0.0,0.000000,0.000000,00:00:00
2026-05-29 13:56:18.681,0,0,0.0,0.000000,0.000000,00:00:00
2026-05-29 13:56:18.703,0,0,0.0,0.000000,0.000000,00:00:00
2026-05-29 13:56:18.704,0,0,0.0,0.000000,0.000000,00:00:00
2026-05-29 13:56:18.706,0,0,0.0,0.000000,0.000000,00:00:00
2026-05-29 13:56:18.709,0,0,0.0,0.000000,0.000000,00:00:00
2026-05-29 13:56:18.71,0,0,0.0,0.000000,0.000000,00:00:00
2026-05-29 13:56:18.715,0,0,0.0,0.000000,0.000000,00:00:00
2026-05-29 13:56:18.717,0,0,0.0,0.000000,0.000000,00:00:00
2026-05-29 13:56:18.735,0,0,0.0,0.000000,0.000000,00:00:00
2026-05-29 13:56:18.736,0,0,0.0,0.000000,0.000000,00:00:00
2026-05-29 13:56:19.742,0,0,0.0,0.000000,0.000000,00:00:00
2026-05-29 13:56:19.769,0,0,0.0,0.000000,0.000000,00:00:00
2026-05-29 13:56:19.77,0,0,0.0,0.000000,0.000000,00:00:00
2026-05-29 13:56:19.799,0,0,0.0,0.000000,0.000000,00:00:00
2026-05-29 13:56:19.818,0,0,0.0,0.000000,0.000000,00:00:00
2026-05-29 13:56:19.82,0,0,0.0,0.000000,0.000000,00:00:00
2026-05-29 13:56:19.821,0,0,0.0,0.000000,0.000000,00:00:00
2026-05-29 13:56:19.822,0,0,0.0,0.000000,0.000000,00:00:00
2026-05-29 13:56:19.824,0,0,0.0,0.000000,0.000000,00:00:00
2026-05-29 13:56:19.825,0,0,0.0,0.000000,0.000000,00:00:00
2026-05-29 13:56:20.805,0,0,0.0,0.000000,0.000000,00:00:00
2026-05-29 13:56:20.806,0,0,0.0,0.000000,0.000000,00:00:00
2026-05-29 13:56:20.809,0,0,0.0,0.000000,0.000000,00:00:00
2026-05-29 13:56:20.817,0,0,0.0,0.000000,0.000000,00:00:00
2026-05-29 13:56:20.821,0,0,0.0,0.000000,0.000000,00:00:00
2026-05-29 13:56:20.828,0,0,0.0,0.000000,0.000000,00:00:00
2026-05-29 13:56:20.831,0,0,0.0,0.000000,0.000000,00:00:00
2026-05-29 13:56:20.832,0,0,0.0,0.000000,0.000000,00:00:00
2026-05-29 13:56:20.836,0,0,0.0,0.000000,0.000000,00:00:00
2026-05-29 13:56:20.862,0,0,0.0,0.000000,0.000000,00:00:00
2026-05-29 13:56:21.856,0,0,0.0,0.000000,0.000000,00:00:00
2026-05-29 13:56:21.866,0,0,0.0,0.000000,0.000000,00:00:00
2026-05-29 13:56:21.869,0,0,0.0,0.000000,0.000000,00:00:00
2026-05-29 13:56:21.872,0,0,0.0,0.000000,0.000000,00:00:00
2026-05-29 13:56:21.875,0,0,0.0,0.000000,0.000000,00:00:00
2026-05-29 13:56:21.89,0,0,0.0,0.000000,0.000000,00:00:00
2026-05-29 13:56:21.891,0,0,0.0,0.000000,0.000000,00:00:00
2026-05-29 13:56:21.894,0,0,0.0,0.000000,0.000000,00:00:00
2026-05-29 13:56:21.897,0,0,0.0,0.000000,0.000000,00:00:00
2026-05-29 13:56:21.912,0,0,0.0,0.000000,0.000000,00:00:00
2026-05-29 13:56:22.981,0,0,0.0,0.000000,0.000000,00:00:00
2026-05-29 13:56:22.982,0,0,0.0,0.000000,0.000000,00:00:00
2026-05-29 13:56:23,0,0,0.0,0.000000,0.000000,00:00:00
2026-05-29 13:56:23.001,0,0,0.0,0.000000,0.000000,00:00:00
2026-05-29 13:56:23.002,0,0,0.0,0.000000,0.000000,00:00:00
2026-05-29 13:56:23.014,0,0,0.0,0.000000,0.000000,00:00:00
2026-05-29 13:56:23.017,0,0,0.0,0.000000,0.000000,00:00:00
2026-05-29 13:56:23.021,0,0,0.0,0.000000,0.000000,00:00:00
2026-05-29 13:56:23.023,0,0,0.0,0.000000,0.000000,00:00:00
2026-05-29 13:56:23.037,0,0,0.0,0.000000,0.000000,00:00:00
2026-05-29 13:56:24.055,0,0,0.0,0.000000,0.000000,00:00:00
2026-05-29 13:56:24.056,0,0,0.0,0.000000,0.000000,00:00:00
2026-05-29 13:56:24.057,0,0,0.0,0.000000,0.000000,00:00:00
2026-05-29 13:56:24.059,0,0,0.0,0.000000,0.000000,00:00:00
2026-05-29 13:56:24.062,0,0,0.0,0.000000,0.000000,00:00:00
2026-05-29 13:56:24.085,0,0,0.0,0.000000,0.000000,00:00:00
2026-05-29 13:56:24.087,0,0,0.0,0.000000,0.000000,00:00:00
2026-05-29 13:56:24.09,0,0,0.0,0.000000,0.000000,00:00:00
2026-05-29 13:56:24.091,0,0,0.0,0.000000,0.000000,00:00:00
2026-05-29 13:56:24.095,0,0,0.0,0.000000,0.000000,00:00:00
2026-05-29 13:56:25.115,0,0,0.0,0.000000,0.000000,00:00:00
2026-05-29 13:56:25.116,0,0,0.0,0.000000,0.000000,00:00:00
2026-05-29 13:56:25.117,0,0,0.0,0.000000,0.000000,00:00:00
2026-05-29 13:56:25.119,0,0,0.0,0.000000,0.000000,00:00:00
2026-05-29 13:56:25.12,0,0,0.0,0.000000,0.000000,00:00:00
2026-05-29 13:56:25.135,0,0,0.0,0.000000,0.000000,00:00:00
2026-05-29 13:56:25.136,0,0,0.0,0.000000,0.000000,00:00:00
2026-05-29 13:56:25.137,0,0,0.0,0.000000,0.000000,00:00:00
2026-05-29 13:56:25.14,0,0,0.0,0.000000,0.000000,00:00:00
2026-05-29 13:56:25.155,0,0,0.0,0.000000,0.000000,00:00:00
2026-05-29 13:56:26.172,0,0,0.0,0.000000,0.000000,00:00:00
2026-05-29 13:56:26.174,0,0,0.0,0.000000,0.000000,00:00:00
2026-05-29 13:56:26.175,0,0,0.0,0.000000,0.000000,00:00:00
2026-05-29 13:56:26.176,0,0,0.0,0.000000,0.000000,00:00:00
2026-05-29 13:56:26.177,0,0,0.0,0.000000,0.000000,00:00:00
2026-05-29 13:56:26.202,0,0,0.0,0.000000,0.000000,00:00:00
2026-05-29 13:56:26.204,0,0,0.0,0.000000,0.000000,00:00:00
2026-05-29 13:56:26.205,0,0,0.0,0.000000,0.000000,00:00:00
2026-05-29 13:56:26.211,0,0,0.0,0.000000,0.000000,00:00:00
2026-05-29 13:56:26.214,0,0,0.0,0.000000,0.000000,00:00:00
2026-05-29 13:56:27.239,0,0,0.0,0.000000,0.000000,00:00:00
2026-05-29 13:56:27.24,0,0,0.0,0.000000,0.000000,00:00:00
2026-05-29 13:56:27.271,0,0,0.0,0.000000,0.000000,00:00:00
2026-05-29 13:56:27.273,0,0,0.0,0.000000,0.000000,00:00:00
2026-05-29 13:56:27.274,0,0,0.0,0.000000,0.000000,00:00:00
2026-05-29 13:56:27.275,0,0,0.0,0.000000,0.000000,00:00:00
2026-05-29 13:56:27.276,0,0,0.0,0.000000,0.000000,00:00:00
2026-05-29 13:56:27.279,0,0,0.0,0.000000,0.000000,00:00:00
2026-05-29 13:56:27.28,0,0,0.0,0.000000,0.000000,00:00:00
2026-05-29 13:56:27.281,0,0,0.0,0.000000,0.000000,00:00:00
2026-05-29 13:56:28.344,0,0,0.0,0.000000,0.000000,00:00:00
2026-05-29 13:56:28.345,0,0,0.0,0.000000,0.000000,00:00:00
2026-05-29 13:56:28.356,0,0,0.0,0.000000,0.000000,00:00:00
2026-05-29 13:56:28.358,0,0,0.0,0.000000,0.000000,00:00:00
2026-05-29 13:56:28.362,0,0,0.0,0.000000,0.000000,00:00:00
2026-05-29 13:56:28.364,0,0,0.0,0.000000,0.000000,00:00:00
2026-05-29 13:56:28.38,0,0,0.0,0.000000,0.000000,00:00:00
2026-05-29 13:56:28.383,0,0,0.0,0.000000,0.000000,00:00:00
2026-05-29 13:56:28.385,0,0,0.0,0.000000,0.000000,00:00:00
2026-05-29 13:56:28.386,0,0,0.0,0.000000,0.000000,00:00:00
2026-05-29 13:56:29.39,0,0,0.0,0.000000,0.000000,00:00:00
2026-05-29 13:56:29.405,0,0,0.0,0.000000,0.000000,00:00:00
2026-05-29 13:56:29.406,0,0,0.0,0.000000,0.000000,00:00:00
2026-05-29 13:56:29.407,0,0,0.0,0.000000,0.000000,00:00:00
2026-05-29 13:56:29.41,0,0,0.0,0.000000,0.000000,00:00:00
2026-05-29 13:56:29.425,0,0,0.0,0.000000,0.000000,00:00:00
2026-05-29 13:56:29.426,0,0,0.0,0.000000,0.000000,00:00:00
2026-05-29 13:56:29.43,0,0,0.0,0.000000,0.000000,00:00:00
2026-05-29 13:56:29.431,0,0,0.0,0.000000,0.000000,00:00:00
2026-05-29 13:56:29.446,0,0,0.0,0.000000,0.000000,00:00:00
